Trilha-14.jpg,222,386,0.608
Trilha-15.jpg,221,387,0.608
Trilha-16.jpg,221,386,0.607
Trilha-17.jpg,220,386,0.606
Trilha-18.jpg,220,386,0.606
Trilha-19.jpg,222,387,0.609
Trilha-20.jpg,221,387,0.608
Trilha-21.jpg,221,387,0.608
Trilha-22.jpg,221,386,0.607
Trilha-23.jpg,222,388,0.61
Trilha-24.jpg,221,386,0.607
Trilha-25.jpg,215,386,0.601
Trilha-26.jpg,215,386,0.601
Trilha-27.jpg,221,387,0.608
Trilha-28.jpg,221,387,0.608
Trilha-29.jpg,217,386,0.603
Trilha-30.jpg,218,386,0.604
Trilha-31.jpg,216,386,0.602
Trilha-32.jpg,217,387,0.604
Trilha-33.jpg,217,388,0.605
Trilha-34.jpg,216,386,0.602
Trilha-35.jpg,217,388,0.605
Trilha-36.jpg,218,387,0.605
Trilha-37.jpg,217,387,0.604
Trilha-38.jpg,217,386,0.603
Trilha-39.jpg,217,387,0.604
Trilha-40.jpg,216,388,0.604
Trilha-41.jpg,217,386,0.603
Trilha-42.jpg,221,386,0.607
Trilha-43.jpg,221,386,0.607
Trilha-44.jpg,220,386,0.606
Trilha-45.jpg,218,387,0.605
Trilha-46.jpg,221,387,0.608
Trilha-47.jpg,221,387,0.608
Trilha-48.jpg,219,386,0.605
Trilha-49.jpg,222,386,0.608
Trilha-50.jpg,221,386,0.607
Trilha-51.jpg,221,386,0.607
Trilha-52.jpg,220,387,0.607
Trilha-53.jpg,220,386,0.606
Trilha-54.jpg,218,387,0.605
Trilha-55.jpg,221,388,0.609
Trilha-56.jpg,221,387,0.608
Trilha-57.jpg,218,387,0.605
Trilha-58.jpg,219,386,0.605
Trilha-59.jpg,222,386,0.608
Trilha-60.jpg,221,387,0.608
Trilha-61.jpg,221,386,0.607
Trilha-62.jpg,221,387,0.608
Trilha-67.jpg,223,386,0.609
Trilha-68.jpg,220,386,0.606
Trilha-69.jpg,220,387,0.607
Trilha-70.jpg,221,386,0.607
Trilha-71.jpg,222,386,0.608
Trilha-72.jpg,220,386,0.606
Trilha-73.jpg,220,386,0.606
Trilha-74.jpg,221,386,0.607
Trilha-75.jpg,221,386,0.607
Trilha-76.jpg,215,386,0.601
Trilha-77.jpg,222,387,0.609
Trilha-78.jpg,220,386,0.606
Trilha-79.jpg,221,386,0.607
Trilha-80.jpg,222,390,0.612
Trilha-81.jpg,222,389,0.611
Trilha-82.jpg,218,389,0.607
Trilha-83.jpg,216,385,0.601
Trilha-84.jpg,217,388,0.605
Trilha-85.jpg,224,391,0.615
Trilha-86.jpg,217,388,0.605
Trilha-87.jpg,222,389,0.611
Trilha-88.jpg,224,390,0.614
Trilha-89.jpg,221,388,0.609
Trilha-90.jpg,220,382,0.602
Trilha-91.jpg,208,364,0.572
Trilha-92.jpg,211,376,0.587
Trilha-93.jpg,217,383,0.6
Trilha-94.jpg,214,384,0.598
Trilha-95.jpg,209,381,0.59
Trilha-96.jpg,206,372,0.578
Trilha-97.jpg,185,345,0.53
Trilha-99.jpg,202,359,0.561
Trilha-101.jpg,187,335,0.522
Trilha-102.jpg,185,333,0.518
Trilha-104.jpg,198,357,0.555
Trilha-105.jpg,205,360,0.565
Trilha-117.jpg,241,394,0.635
Trilha-118.jpg,236,385,0.621
Trilha-119.jpg,237,392,0.629
Trilha-121.jpg,233,387,0.62
Trilha-122.jpg,233,385,0.618
Trilha-137.jpg,197,360,0.557
Trilha-138.jpg,206,367,0.573
Trilha-139.jpg,212,367,0.579
Trilha-142.jpg,238,384,0.622
Trilha-143.jpg,234,382,0.616
Trilha-144.jpg,241,389,0.63
Trilha-147.jpg,233,386,0.619
Trilha-149.jpg,266,413,0.679
Trilha-150.jpg,257,402,0.659
Trilha-151.jpg,281,424,0.705
Trilha-152.jpg,269,417,0.686
Trilha-153.jpg,264,411,0.675
Trilha-154.jpg,263,411,0.674
Trilha-157.jpg,242,400,0.642
Trilha-158.jpg,234,393,0.627
Trilha-159.jpg,213,375,0.588
Trilha-161.jpg,205,367,0.572
Trilha-162.jpg,188,352,0.54
Trilha-165.jpg,378,329,0.707
Trilha-167.jpg,175,331,0.506
Trilha-169.jpg,189,343,0.532
Trilha-170.jpg,195,348,0.543
Trilha-171.jpg,203,354,0.557
Trilha-172.jpg,210,360,0.57
Trilha-173.jpg,219,370,0.589
Trilha-174.jpg,223,375,0.598
Trilha-175.jpg,233,383,0.616
Trilha-176.jpg,251,402,0.653
Trilha-177.jpg,239,389,0.628
Trilha-178.jpg,237,389,0.626
Trilha-179.jpg,237,389,0.626
Trilha-180.jpg,236,388,0.624
Trilha-181.jpg,237,389,0.626
Trilha-182.jpg,236,389,0.625
Trilha-183.jpg,237,389,0.626
Trilha-184.jpg,235,389,0.624
Trilha-185.jpg,237,389,0.626
Trilha-186.jpg,237,388,0.625
Trilha-187.jpg,239,390,0.629
Trilha-188.jpg,238,390,0.628
Trilha-189.jpg,245,398,0.643
Trilha-190.jpg,270,419,0.689
Trilha-191.jpg,261,410,0.671
Trilha-192.jpg,247,396,0.643
Trilha-193.jpg,233,380,0.613
Trilha-194.jpg,217,366,0.583
Trilha-195.jpg,212,358,0.57
Trilha-196.jpg,197,344,0.541
Trilha-198.jpg,185,334,0.519
Trilha-199.jpg,193,340,0.533
Trilha-200.jpg,198,345,0.543
Trilha-202.jpg,217,361,0.578
Trilha-209.jpg,250,391,0.641
Trilha-210.jpg,251,412,0.663
Trilha-211.jpg,352,400,0.752
Trilha-212.jpg,353,397,0.75
Trilha-213.jpg,356,401,0.757
Trilha-214.jpg,354,397,0.751
Trilha-215.jpg,357,395,0.752
Trilha-216.jpg,359,401,0.76
Trilha-217.jpg,367,403,0.77
Trilha-218.jpg,357,400,0.757
Trilha-219.jpg,369,406,0.775
Trilha-220.jpg,358,401,0.759
Trilha-221.jpg,358,397,0.755
Trilha-222.jpg,357,395,0.752
Trilha-223.jpg,358,396,0.754
Trilha-224.jpg,353,387,0.74
Trilha-225.jpg,354,403,0.757
Trilha-255.jpg,234,388,0.622
Trilha-257.jpg,230,379,0.609
Trilha-258.jpg,241,389,0.63
Trilha-259.jpg,350,375,0.725
Trilha-260.jpg,351,375,0.726
Trilha-261.jpg,356,375,0.731
Trilha-262.jpg,354,375,0.729
Trilha-263.jpg,356,375,0.731
Trilha-264.jpg,356,375,0.731
Trilha-265.jpg,357,375,0.732
Trilha-266.jpg,358,375,0.733
Trilha-267.jpg,359,375,0.734
Trilha-268.jpg,356,375,0.731
Trilha-269.jpg,354,375,0.729
Trilha-270.jpg,351,375,0.726
Trilha-271.jpg,358,375,0.733
Trilha-272.jpg,357,375,0.732
Trilha-273.jpg,358,375,0.733
Trilha-274.jpg,356,375,0.731
Trilha-275.jpg,358,375,0.733
Trilha-276.jpg,354,375,0.729
Trilha-277.jpg,357,375,0.732
Trilha-278.jpg,357,375,0.732
Trilha-279.jpg,354,375,0.729
Trilha-280.jpg,354,375,0.729
Trilha-281.jpg,357,375,0.732
Trilha-282.jpg,357,375,0.732
Trilha-283.jpg,358,375,0.733
Trilha-284.jpg,189,355,0.544
Trilha-287.jpg,202,370,0.572
Trilha-288.jpg,207,374,0.581
Trilha-289.jpg,214,378,0.592
Trilha-291.jpg,231,385,0.616
Trilha-293.jpg,237,383,0.62
Trilha-295.jpg,234,381,0.615
Trilha-296.jpg,235,250,0.485
Trilha-297.jpg,237,250,0.487
Trilha-298.jpg,236,250,0.486
Trilha-299.jpg,234,250,0.484
Trilha-300.jpg,230,250,0.48
Trilha-301.jpg,225,250,0.475
Trilha-302.jpg,226,250,0.476
Trilha-303.jpg,227,250,0.477
Trilha-304.jpg,232,250,0.482
Trilha-305.jpg,235,250,0.485
Trilha-306.jpg,236,250,0.486
Trilha-307.jpg,234,250,0.484
Trilha-308.jpg,234,250,0.484
Trilha-309.jpg,234,250,0.484
Trilha-310.jpg,235,250,0.485
Trilha-311.jpg,231,250,0.481
Trilha-312.jpg,231,250,0.481
Trilha-313.jpg,236,250,0.486
Trilha-314.jpg,234,250,0.484
Trilha-315.jpg,234,250,0.484
Trilha-316.jpg,238,250,0.488
Trilha-317.jpg,259,416,0.675
Trilha-318.jpg,269,422,0.691
Trilha-319.jpg,265,416,0.681
Trilha-320.jpg,282,429,0.711
Trilha-321.jpg,215,225,0.44
Trilha-322.jpg,210,225,0.435
Trilha-323.jpg,211,225,0.436
Trilha-324.jpg,209,225,0.434
Trilha-325.jpg,208,225,0.433
Trilha-326.jpg,207,225,0.432
Trilha-327.jpg,207,225,0.432
Trilha-328.jpg,208,225,0.433
Trilha-329.jpg,205,225,0.43
Trilha-330.jpg,203,225,0.428
Trilha-331.jpg,206,225,0.431
Trilha-332.jpg,209,225,0.434
Trilha-333.jpg,210,225,0.435
Trilha-334.jpg,211,225,0.436
Trilha-335.jpg,212,225,0.437
Trilha-336.jpg,210,225,0.435
Trilha-337.jpg,208,225,0.433
Trilha-338.jpg,209,225,0.434
Trilha-339.jpg,208,225,0.433
Trilha-340.jpg,201,225,0.426
Trilha-341.jpg,201,225,0.426
Trilha-342.jpg,201,225,0.426
Trilha-343.jpg,203,225,0.428
Trilha-344.jpg,207,225,0.432
Trilha-345.jpg,207,225,0.432
Trilha-346.jpg,240,381,0.621
Trilha-347.jpg,229,378,0.607
Trilha-348.jpg,240,390,0.63
Trilha-349.jpg,222,378,0.6
Trilha-350.jpg,213,364,0.577
Trilha-351.jpg,210,362,0.572
Trilha-352.jpg,211,362,0.573
Trilha-353.jpg,212,363,0.575
Trilha-359.jpg,187,332,0.519
Trilha-366.jpg,215,370,0.585
Trilha-367.jpg,199,354,0.553
Trilha-368.jpg,200,357,0.557
Trilha-369.jpg,208,364,0.572
Trilha-370.jpg,207,363,0.57
Trilha-371.jpg,207,363,0.57
Trilha-372.jpg,207,363,0.57
Trilha-374.jpg,207,362,0.569
Trilha-376.jpg,207,361,0.568
Trilha-377.jpg,203,358,0.561
Trilha-378.jpg,205,361,0.566
Trilha-379.jpg,207,364,0.571
Trilha-382.jpg,305,461,0.766
Trilha-385.jpg,231,382,0.613
Trilha-386.jpg,216,375,0.591
Trilha-387.jpg,233,386,0.619
Trilha-388.jpg,239,387,0.626
Trilha-389.jpg,239,388,0.627
Trilha-391.jpg,233,386,0.619
Trilha-392.jpg,234,387,0.621
Trilha-393.jpg,233,384,0.617
Trilha-394.jpg,230,383,0.613
Trilha-395.jpg,240,388,0.628
Trilha-396.jpg,241,389,0.63
Trilha-397.jpg,242,390,0.632
Trilha-398.jpg,243,390,0.633
Trilha-399.jpg,244,392,0.636
Trilha-400.jpg,245,392,0.637
Trilha-401.jpg,244,389,0.633
Trilha-402.jpg,238,383,0.621
Trilha-403.jpg,235,376,0.611
Trilha-404.jpg,230,373,0.603
Trilha-405.jpg,230,375,0.605
Trilha-407.jpg,232,380,0.612
Trilha-408.jpg,218,379,0.597
Trilha-409.jpg,215,365,0.58
Trilha-410.jpg,209,367,0.576
Trilha-411.jpg,211,367,0.578
Trilha-412.jpg,211,369,0.58
Trilha-413.jpg,210,369,0.579
Trilha-414.jpg,211,368,0.579
Trilha-415.jpg,210,371,0.581
Trilha-416.jpg,211,368,0.579
Trilha-417.jpg,210,369,0.579
Trilha-418.jpg,211,371,0.582
Trilha-419.jpg,210,369,0.579
Trilha-420.jpg,211,370,0.581
Trilha-421.jpg,210,369,0.579
Trilha-422.jpg,210,368,0.578
Trilha-423.jpg,210,369,0.579
Trilha-424.jpg,209,368,0.577
Trilha-425.jpg,206,367,0.573
Trilha-426.jpg,209,369,0.578
Trilha-427.jpg,214,370,0.584
Trilha-428.jpg,226,384,0.61
Trilha-429.jpg,251,412,0.663
Trilha-430.jpg,264,422,0.686
Trilha-431.jpg,267,425,0.692
Trilha-432.jpg,282,439,0.721
Trilha-434.jpg,286,442,0.728
Trilha-435.jpg,277,435,0.712
Trilha-436.jpg,267,421,0.688
Trilha-437.jpg,254,408,0.662
Trilha-438.jpg,232,396,0.628
Trilha-439.jpg,202,354,0.556
Trilha-440.jpg,189,342,0.531
Trilha-441.jpg,174,325,0.499
Trilha-442.jpg,165,316,0.481
Trilha-443.jpg,168,321,0.489
Trilha-444.jpg,187,337,0.524
Trilha-445.jpg,211,361,0.572
Trilha-446.jpg,233,383,0.616
Trilha-447.jpg,245,395,0.64
Trilha-448.jpg,249,399,0.648
Trilha-449.jpg,253,402,0.655
Trilha-450.jpg,253,402,0.655
Trilha-451.jpg,248,396,0.644
Trilha-452.jpg,248,398,0.646
Trilha-453.jpg,243,390,0.633
Trilha-454.jpg,242,390,0.632
Trilha-455.jpg,240,389,0.629
Trilha-456.jpg,244,388,0.632
Trilha-457.jpg,224,379,0.603
Trilha-461.jpg,205,350,0.555
Trilha-462.jpg,188,351,0.539
Trilha-463.jpg,199,352,0.551
Trilha-464.jpg,202,358,0.56
Trilha-465.jpg,203,362,0.565
Trilha-466.jpg,212,372,0.584
Trilha-467.jpg,215,370,0.585
Trilha-468.jpg,211,368,0.579
Trilha-470.jpg,216,372,0.588
Trilha-471.jpg,211,370,0.581
Trilha-472.jpg,211,369,0.58
Trilha-473.jpg,211,369,0.58
Trilha-474.jpg,214,369,0.583
Trilha-475.jpg,212,368,0.58
Trilha-476.jpg,212,368,0.58
Trilha-477.jpg,212,369,0.581
Trilha-478.jpg,213,372,0.585
Trilha-479.jpg,217,373,0.59
Trilha-481.jpg,202,359,0.561
Trilha-484.jpg,201,350,0.551
Trilha-485.jpg,208,358,0.566
Trilha-486.jpg,231,374,0.605
Trilha-487.jpg,225,371,0.596
Trilha-488.jpg,227,373,0.6
Trilha-489.jpg,244,390,0.634
Trilha-490.jpg,237,383,0.62
Trilha-493.jpg,258,402,0.66
Trilha-494.jpg,265,409,0.674
Trilha-497.jpg,273,424,0.697
Trilha-498.jpg,240,391,0.631
Trilha-499.jpg,197,353,0.55
Trilha-507.jpg,218,393,0.611
Trilha-511.jpg,211,376,0.587
Trilha-512.jpg,209,376,0.585
Trilha-513.jpg,209,374,0.583
Trilha-514.jpg,209,373,0.582
Trilha-515.jpg,208,373,0.581
Trilha-516.jpg,209,372,0.581
Trilha-517.jpg,208,374,0.582
Trilha-518.jpg,209,370,0.579
Trilha-519.jpg,209,371,0.58
Trilha-520.jpg,208,373,0.581
Trilha-522.jpg,196,356,0.552
Trilha-523.jpg,204,363,0.567
Trilha-524.jpg,231,385,0.616
Trilha-525.jpg,211,367,0.578
Trilha-526.jpg,173,378,0.551
Trilha-527.jpg,224,382,0.606
Trilha-528.jpg,205,389,0.594
Trilha-529.jpg,195,343,0.538
Trilha-530.jpg,153,368,0.521
Trilha-531.jpg,352,400,0.752
Trilha-532.jpg,353,397,0.75
Trilha-533.jpg,356,401,0.757
Trilha-534.jpg,354,397,0.751
Trilha-535.jpg,357,395,0.752
Trilha-536.jpg,359,401,0.76
Trilha-537.jpg,367,403,0.77
Trilha-538.jpg,357,400,0.757
Trilha-539.jpg,369,406,0.775
Trilha-540.jpg,358,401,0.759
Trilha-541.jpg,358,397,0.755
Trilha-542.jpg,357,395,0.752
Trilha-543.jpg,358,396,0.754
Trilha-544.jpg,353,387,0.74
Trilha-545.jpg,354,403,0.757
Trilha-546.jpg,369,406,0.775
Trilha-547.jpg,358,401,0.759
Trilha-548.jpg,358,397,0.755
Trilha-549.jpg,357,395,0.752
Trilha-550.jpg,358,396,0.754
Trilha-551.jpg,353,387,0.74
Trilha-552.jpg,354,403,0.757
Trilha-553.jpg,357,395,0.752
Trilha-554.jpg,359,401,0.76
Trilha-555.jpg,241,387,0.628
Trilha-556.jpg,241,387,0.628
Trilha-557.jpg,234,381,0.615
Trilha-558.jpg,234,387,0.621
Trilha-560.jpg,252,394,0.646
Trilha-563.jpg,252,395,0.647
Trilha-566.jpg,249,392,0.641
Trilha-572.jpg,242,385,0.627
Trilha-574.jpg,243,387,0.63
Trilha-575.jpg,232,375,0.607
Trilha-576.jpg,248,391,0.639
Trilha-578.jpg,234,379,0.613
Trilha-580.jpg,243,384,0.627
Trilha-581.jpg,253,395,0.648
Trilha-583.jpg,246,385,0.631
Trilha-584.jpg,247,387,0.634
Trilha-585.jpg,248,387,0.635
Trilha-586.jpg,246,388,0.634
Trilha-587.jpg,247,388,0.635
Trilha-588.jpg,248,386,0.634
Trilha-589.jpg,246,386,0.632
Trilha-590.jpg,247,386,0.633
Trilha-591.jpg,247,386,0.633
Trilha-592.jpg,246,387,0.633
Trilha-593.jpg,247,388,0.635
Trilha-594.jpg,251,390,0.641
Trilha-595.jpg,248,391,0.639
Trilha-596.jpg,231,368,0.599
Trilha-597.jpg,234,374,0.608
Trilha-598.jpg,246,388,0.634
Trilha-600.jpg,262,404,0.666
Trilha-603.jpg,274,429,0.703
Trilha-604.jpg,266,415,0.681
Trilha-605.jpg,268,416,0.684
Trilha-607.jpg,260,404,0.664
Trilha-608.jpg,253,398,0.651
Trilha-610.jpg,248,395,0.643
Trilha-611.jpg,253,401,0.654
Trilha-612.jpg,268,412,0.68
Trilha-613.jpg,284,429,0.713
Trilha-614.jpg,274,418,0.692
Trilha-615.jpg,276,415,0.691
Trilha-616.jpg,262,404,0.666
Trilha-617.jpg,268,409,0.677
Trilha-618.jpg,264,405,0.669
Trilha-619.jpg,264,406,0.67
Trilha-620.jpg,264,406,0.67
Trilha-621.jpg,264,407,0.671
Trilha-622.jpg,264,407,0.671
Trilha-623.jpg,264,407,0.671
Trilha-624.jpg,264,407,0.671
Trilha-625.jpg,263,406,0.669
Trilha-626.jpg,264,406,0.67
Trilha-627.jpg,263,406,0.669
Trilha-628.jpg,264,407,0.671
Trilha-629.jpg,237,378,0.615
Trilha-630.jpg,259,425,0.684
Trilha-632.jpg,266,419,0.685
Trilha-633.jpg,215,225,0.44
Trilha-634.jpg,210,225,0.435
Trilha-635.jpg,211,225,0.436
Trilha-636.jpg,209,225,0.434
Trilha-637.jpg,208,225,0.433
Trilha-638.jpg,207,225,0.432
Trilha-639.jpg,207,225,0.432
Trilha-640.jpg,208,225,0.433
Trilha-641.jpg,205,225,0.43
Trilha-642.jpg,203,225,0.428
Trilha-643.jpg,206,225,0.431
Trilha-644.jpg,209,225,0.434
Trilha-645.jpg,210,225,0.435
Trilha-646.jpg,211,225,0.436
Trilha-647.jpg,212,225,0.437
Trilha-648.jpg,208,225,0.433
Trilha-649.jpg,205,225,0.43
Trilha-650.jpg,203,225,0.428
Trilha-651.jpg,206,225,0.431
Trilha-652.jpg,209,225,0.434
Trilha-653.jpg,210,225,0.435
Trilha-654.jpg,211,225,0.436
Trilha-655.jpg,212,225,0.437
Trilha-656.jpg,208,225,0.433
Trilha-657.jpg,205,225,0.43
Trilha-658.jpg,203,225,0.428
Trilha-659.jpg,206,225,0.431
Trilha-660.jpg,209,225,0.434
Trilha-661.jpg,210,225,0.435
Trilha-662.jpg,211,225,0.436
Trilha-663.jpg,212,225,0.437
Trilha-664.jpg,279,438,0.717
Trilha-666.jpg,237,388,0.625
Trilha-667.jpg,246,401,0.647
Trilha-668.jpg,243,395,0.638
Trilha-669.jpg,234,388,0.622
Trilha-671.jpg,232,386,0.618
Trilha-672.jpg,225,380,0.605
Trilha-673.jpg,200,355,0.555
Trilha-674.jpg,195,353,0.548
Trilha-675.jpg,199,357,0.556
Trilha-676.jpg,207,364,0.571
Trilha-677.jpg,205,361,0.566
Trilha-678.jpg,188,350,0.538
Trilha-679.jpg,162,359,0.521
Trilha-680.jpg,175,200,0.375
Trilha-681.jpg,178,200,0.378
Trilha-682.jpg,179,200,0.379
Trilha-683.jpg,175,200,0.375
Trilha-684.jpg,178,200,0.378
Trilha-685.jpg,173,200,0.373
Trilha-686.jpg,173,200,0.373
Trilha-687.jpg,173,200,0.373
Trilha-688.jpg,176,200,0.376
Trilha-689.jpg,173,200,0.373
Trilha-690.jpg,173,200,0.373
Trilha-691.jpg,173,200,0.373
Trilha-692.jpg,179,200,0.379
Trilha-693.jpg,179,200,0.379
Trilha-694.jpg,173,200,0.373
Trilha-695.jpg,176,200,0.376
Trilha-696.jpg,174,200,0.374
Trilha-697.jpg,173,200,0.373
Trilha-698.jpg,179,200,0.379
Trilha-699.jpg,180,200,0.38
Trilha-700.jpg,173,200,0.373
Trilha-701.jpg,173,200,0.373
Trilha-702.jpg,173,200,0.373
Trilha-703.jpg,173,200,0.373
Trilha-704.jpg,173,200,0.373
Trilha-705.jpg,173,200,0.373
Trilha-706.jpg,206,371,0.577
Trilha-707.jpg,208,371,0.579
Trilha-708.jpg,205,371,0.576
Trilha-709.jpg,208,371,0.579
Trilha-710.jpg,206,371,0.577
Trilha-711.jpg,208,371,0.579
Trilha-712.jpg,205,371,0.576
Trilha-713.jpg,205,371,0.576
Trilha-714.jpg,204,371,0.575
Trilha-715.jpg,207,372,0.579
Trilha-716.jpg,205,371,0.576
Trilha-717.jpg,206,371,0.577
Trilha-718.jpg,206,372,0.578
Trilha-719.jpg,206,375,0.581
Trilha-720.jpg,206,371,0.577
Trilha-721.jpg,207,371,0.578
Trilha-722.jpg,207,371,0.578
Trilha-723.jpg,204,371,0.575
Trilha-724.jpg,202,371,0.573
Trilha-725.jpg,201,371,0.572
Trilha-726.jpg,206,371,0.577
Trilha-727.jpg,206,371,0.577
Trilha-728.jpg,206,371,0.577
Trilha-729.jpg,205,371,0.576
Trilha-730.jpg,207,370,0.577
Trilha-731.jpg,209,370,0.579
Trilha-732.jpg,206,371,0.577
Trilha-733.jpg,207,371,0.578
Trilha-734.jpg,205,372,0.577
Trilha-735.jpg,210,371,0.581
Trilha-736.jpg,207,370,0.577
Trilha-737.jpg,205,371,0.576
Trilha-738.jpg,204,371,0.575
Trilha-740.jpg,209,375,0.584
Trilha-741.jpg,208,377,0.585
Trilha-742.jpg,195,380,0.575
Trilha-743.jpg,198,383,0.581
Trilha-744.jpg,200,384,0.584
Trilha-745.jpg,201,383,0.584
Trilha-746.jpg,203,382,0.585
Trilha-747.jpg,205,383,0.588
Trilha-748.jpg,211,378,0.589
Trilha-751.jpg,212,376,0.588
Trilha-752.jpg,212,374,0.586
Trilha-753.jpg,211,372,0.583
Trilha-754.jpg,207,370,0.577
Trilha-755.jpg,206,369,0.575
Trilha-756.jpg,207,368,0.575
Trilha-757.jpg,220,381,0.601
Trilha-759.jpg,261,424,0.685
Trilha-761.jpg,249,410,0.659
Trilha-762.jpg,241,400,0.641
Trilha-773.jpg,213,353,0.566
Trilha-776.jpg,202,356,0.558
Trilha-777.jpg,208,362,0.57
Trilha-784.jpg,216,371,0.587
Trilha-786.jpg,212,367,0.579
Trilha-787.jpg,214,369,0.583
Trilha-827.jpg,212,379,0.591
Trilha-832.jpg,241,403,0.644
Trilha-834.jpg,235,380,0.615
Trilha-835.jpg,229,380,0.609
Trilha-836.jpg,219,371,0.59
Trilha-837.jpg,213,361,0.574
Trilha-838.jpg,211,360,0.571
Trilha-839.jpg,207,358,0.565
Trilha-840.jpg,197,345,0.542
Trilha-841.jpg,196,344,0.54
Trilha-842.jpg,195,345,0.54
Trilha-848.jpg,203,349,0.552
Trilha-850.jpg,225,370,0.595
Trilha-852.jpg,254,398,0.652
Trilha-853.jpg,258,400,0.658
Trilha-854.jpg,259,405,0.664
Trilha-855.jpg,261,405,0.666
Trilha-856.jpg,264,410,0.674
Trilha-857.jpg,267,412,0.679
Trilha-858.jpg,267,414,0.681
Trilha-859.jpg,269,417,0.686
Trilha-860.jpg,269,416,0.685
Trilha-861.jpg,269,417,0.686
Trilha-864.jpg,266,415,0.681
Trilha-866.jpg,262,416,0.678
Trilha-868.jpg,262,417,0.679
Trilha-870.jpg,259,413,0.672
Trilha-873.jpg,250,407,0.657
Trilha-879.jpg,230,387,0.617
Trilha-880.jpg,225,382,0.607
Trilha-881.jpg,220,376,0.596
Trilha-882.jpg,216,372,0.588
Trilha-883.jpg,210,366,0.576
Trilha-884.jpg,210,366,0.576
Trilha-885.jpg,205,361,0.566
Trilha-886.jpg,203,360,0.563
Trilha-887.jpg,200,356,0.556
Trilha-888.jpg,196,353,0.549
Trilha-889.jpg,192,348,0.54
Trilha-891.jpg,198,354,0.552
Trilha-892.jpg,198,355,0.553
Trilha-894.jpg,198,353,0.551
Trilha-895.jpg,197,352,0.549
Trilha-896.jpg,200,356,0.556
Trilha-897.jpg,203,354,0.557
Trilha-898.jpg,204,358,0.562
Trilha-899.jpg,207,361,0.568
Trilha-900.jpg,212,363,0.575
Trilha-901.jpg,208,361,0.569
Trilha-902.jpg,208,356,0.564
Trilha-904.jpg,210,356,0.566
Trilha-905.jpg,218,367,0.585
Trilha-906.jpg,235,381,0.616
Trilha-907.jpg,252,399,0.651
Trilha-908.jpg,259,408,0.667
Trilha-909.jpg,263,411,0.674
Trilha-910.jpg,261,412,0.673
Trilha-911.jpg,262,410,0.672
Trilha-912.jpg,264,413,0.677
Trilha-913.jpg,239,390,0.629
Trilha-914.jpg,236,386,0.622
Trilha-915.jpg,233,387,0.62
Trilha-916.jpg,238,391,0.629
Trilha-917.jpg,239,390,0.629
Trilha-918.jpg,239,395,0.634
Trilha-919.jpg,240,391,0.631
Trilha-920.jpg,241,393,0.634
Trilha-921.jpg,241,394,0.635
Trilha-922.jpg,243,394,0.637
Trilha-923.jpg,240,392,0.632
Trilha-924.jpg,238,391,0.629
Trilha-925.jpg,233,385,0.618
Trilha-926.jpg,227,379,0.606
Trilha-927.jpg,223,376,0.599
Trilha-928.jpg,225,377,0.602
Trilha-929.jpg,223,374,0.597
Trilha-931.jpg,224,377,0.601
Trilha-932.jpg,222,375,0.597
Trilha-933.jpg,222,375,0.597
Trilha-934.jpg,222,377,0.599
Trilha-936.jpg,227,381,0.608
Trilha-937.jpg,225,378,0.603
Trilha-938.jpg,215,370,0.585
Trilha-940.jpg,218,369,0.587
Trilha-941.jpg,214,367,0.581
Trilha-942.jpg,207,356,0.563
Trilha-943.jpg,204,355,0.559
Trilha-944.jpg,204,363,0.567
Trilha-945.jpg,215,375,0.59
Trilha-946.jpg,228,375,0.603
Trilha-947.jpg,242,391,0.633
Trilha-948.jpg,227,375,0.602
Trilha-949.jpg,221,370,0.591
Trilha-950.jpg,218,368,0.586
Trilha-951.jpg,216,364,0.58
Trilha-952.jpg,213,363,0.576
Trilha-953.jpg,217,366,0.583
Trilha-958.jpg,223,362,0.585
Trilha-959.jpg,220,361,0.581
Trilha-960.jpg,220,365,0.585
Trilha-961.jpg,223,365,0.588
Trilha-962.jpg,223,362,0.585
Trilha-963.jpg,224,365,0.589
Trilha-964.jpg,223,365,0.588
Trilha-965.jpg,223,362,0.585
Trilha-966.jpg,223,364,0.587
Trilha-967.jpg,224,362,0.586
Trilha-968.jpg,222,365,0.587
Trilha-969.jpg,222,364,0.586
Trilha-970.jpg,221,365,0.586
Trilha-971.jpg,220,365,0.585
Trilha-972.jpg,220,362,0.582
Trilha-973.jpg,214,359,0.573
Trilha-974.jpg,212,356,0.568
Trilha-976.jpg,224,366,0.59
Trilha-977.jpg,228,374,0.602
Trilha-978.jpg,246,392,0.638
Trilha-980.jpg,271,413,0.684
Trilha-982.jpg,266,406,0.672
Trilha-983.jpg,259,401,0.66
Trilha-984.jpg,255,395,0.65
Trilha-985.jpg,232,395,0.627
Trilha-986.jpg,233,395,0.628
Trilha-987.jpg,250,392,0.642
Trilha-988.jpg,249,392,0.641
Trilha-989.jpg,226,389,0.615
Trilha-990.jpg,245,383,0.628
Trilha-991.jpg,367,403,0.77
Trilha-992.jpg,357,400,0.757
Trilha-993.jpg,369,406,0.775
Trilha-994.jpg,358,401,0.759
Trilha-995.jpg,358,397,0.755
Trilha-996.jpg,357,395,0.752
Trilha-997.jpg,358,396,0.754
Trilha-998.jpg,353,387,0.74
Trilha-999.jpg,354,403,0.757
Trilha-1000.jpg,369,406,0.775
Trilha-1001.jpg,358,401,0.759
Trilha-1002.jpg,358,397,0.755
Trilha-1003.jpg,357,395,0.752
Trilha-1004.jpg,358,396,0.754
Trilha-1005.jpg,353,387,0.74
Trilha-1006.jpg,354,403,0.757
Trilha-1007.jpg,357,395,0.752
Trilha-1008.jpg,359,401,0.76
Trilha-1009.jpg,367,403,0.77
Trilha-1010.jpg,357,400,0.757
Trilha-1011.jpg,369,406,0.775
Trilha-1012.jpg,358,401,0.759
Trilha-1013.jpg,358,397,0.755
Trilha-1014.jpg,357,395,0.752
Trilha-1015.jpg,358,396,0.754
Trilha-1016.jpg,353,387,0.74
Trilha-1017.jpg,354,403,0.757
Trilha-1018.jpg,369,406,0.775
Trilha-1019.jpg,358,401,0.759
Trilha-1020.jpg,358,397,0.755
Trilha-1021.jpg,357,395,0.752
Trilha-1022.jpg,358,396,0.754
Trilha-1023.jpg,353,387,0.74
Trilha-1024.jpg,354,403,0.757
Trilha-1025.jpg,357,395,0.752
Trilha-1026.jpg,359,401,0.76
Trilha-1027.jpg,367,403,0.77
Trilha-1028.jpg,357,400,0.757
Trilha-1029.jpg,369,406,0.775
Trilha-1030.jpg,358,401,0.759
Trilha-1031.jpg,358,397,0.755
Trilha-1032.jpg,357,395,0.752
Trilha-1033.jpg,358,396,0.754
Trilha-1034.jpg,353,387,0.74
Trilha-1035.jpg,354,403,0.757
Trilha-1036.jpg,369,406,0.775
Trilha-1037.jpg,358,401,0.759
Trilha-1038.jpg,358,397,0.755
Trilha-1039.jpg,357,395,0.752
Trilha-1040.jpg,358,396,0.754
Trilha-1041.jpg,353,387,0.74
Trilha-1042.jpg,354,403,0.757
Trilha-1043.jpg,357,395,0.752
Trilha-1044.jpg,359,401,0.76
Trilha-1045.jpg,367,403,0.77
Trilha-1046.jpg,357,400,0.757
Trilha-1047.jpg,369,406,0.775
Trilha-1048.jpg,358,401,0.759
Trilha-1049.jpg,358,397,0.755
Trilha-1050.jpg,357,395,0.752
Trilha-1051.jpg,358,396,0.754
Trilha-1052.jpg,353,387,0.74
Trilha-1053.jpg,354,403,0.757
Trilha-1054.jpg,369,406,0.775
Trilha-1094.jpg,350,375,0.725
Trilha-1095.jpg,351,375,0.726
Trilha-1096.jpg,356,375,0.731
Trilha-1097.jpg,354,375,0.729
Trilha-1098.jpg,356,375,0.731
Trilha-1099.jpg,356,375,0.731
Trilha-1100.jpg,357,375,0.732
Trilha-1101.jpg,358,375,0.733
Trilha-1102.jpg,359,375,0.734
Trilha-1103.jpg,356,375,0.731
Trilha-1104.jpg,354,375,0.729
Trilha-1105.jpg,351,375,0.726
Trilha-1106.jpg,358,375,0.733
Trilha-1107.jpg,357,375,0.732
Trilha-1108.jpg,358,375,0.733
Trilha-1109.jpg,356,375,0.731
Trilha-1110.jpg,358,375,0.733
Trilha-1111.jpg,350,375,0.725
Trilha-1112.jpg,351,375,0.726
Trilha-1113.jpg,356,375,0.731
Trilha-1114.jpg,354,375,0.729
Trilha-1115.jpg,356,375,0.731
Trilha-1116.jpg,356,375,0.731
Trilha-1117.jpg,357,375,0.732
Trilha-1118.jpg,358,375,0.733
Trilha-1119.jpg,359,375,0.734
Trilha-1120.jpg,356,375,0.731
Trilha-1121.jpg,354,375,0.729
Trilha-1122.jpg,351,375,0.726
Trilha-1123.jpg,358,375,0.733
Trilha-1124.jpg,357,375,0.732
Trilha-1125.jpg,358,375,0.733
Trilha-1126.jpg,356,375,0.731
Trilha-1127.jpg,358,375,0.733
Trilha-1128.jpg,351,375,0.726
Trilha-1129.jpg,358,375,0.733
Trilha-1130.jpg,357,375,0.732
Trilha-1131.jpg,358,375,0.733
Trilha-1132.jpg,356,375,0.731
Trilha-1133.jpg,358,375,0.733
Trilha-1134.jpg,357,375,0.732
Trilha-1135.jpg,358,375,0.733
Trilha-1145.jpg,179,340,0.519
Trilha-1147.jpg,184,343,0.527
Trilha-1148.jpg,181,341,0.522
Trilha-1149.jpg,179,338,0.517
Trilha-1150.jpg,184,340,0.524
Trilha-1154.jpg,199,352,0.551
Trilha-1157.jpg,235,388,0.623
Trilha-1158.jpg,208,353,0.561
Trilha-1159.jpg,185,327,0.512
Trilha-1160.jpg,235,250,0.485
Trilha-1161.jpg,237,250,0.487
Trilha-1162.jpg,236,250,0.486
Trilha-1163.jpg,234,250,0.484
Trilha-1164.jpg,230,250,0.48
Trilha-1165.jpg,225,250,0.475
Trilha-1166.jpg,226,250,0.476
Trilha-1167.jpg,227,250,0.477
Trilha-1168.jpg,232,250,0.482
Trilha-1169.jpg,235,250,0.485
Trilha-1170.jpg,236,250,0.486
Trilha-1171.jpg,234,250,0.484
Trilha-1172.jpg,234,250,0.484
Trilha-1173.jpg,235,250,0.485
Trilha-1174.jpg,237,250,0.487
Trilha-1175.jpg,236,250,0.486
Trilha-1176.jpg,234,250,0.484
Trilha-1177.jpg,230,250,0.48
Trilha-1178.jpg,225,250,0.475
Trilha-1179.jpg,226,250,0.476
Trilha-1180.jpg,227,250,0.477
Trilha-1181.jpg,232,250,0.482
Trilha-1182.jpg,235,250,0.485
Trilha-1183.jpg,236,250,0.486
Trilha-1184.jpg,234,250,0.484
Trilha-1185.jpg,234,250,0.484
Trilha-1186.jpg,235,250,0.485
Trilha-1187.jpg,237,250,0.487
Trilha-1188.jpg,236,250,0.486
Trilha-1189.jpg,234,250,0.484
Trilha-1190.jpg,230,250,0.48
Trilha-1191.jpg,225,250,0.475
Trilha-1192.jpg,226,250,0.476
Trilha-1193.jpg,227,250,0.477
Trilha-1194.jpg,232,250,0.482
Trilha-1195.jpg,235,250,0.485
Trilha-1196.jpg,236,250,0.486
Trilha-1197.jpg,234,250,0.484
Trilha-1198.jpg,234,250,0.484
Trilha-1199.jpg,232,250,0.482
Trilha-1200.jpg,235,250,0.485
Trilha-1201.jpg,236,250,0.486
Trilha-1202.jpg,234,250,0.484
Trilha-1203.jpg,234,250,0.484
Trilha-1204.jpg,236,250,0.486
Trilha-1207.jpg,270,557,0.827
Trilha-1212.jpg,261,420,0.681
Trilha-1214.jpg,252,419,0.671
Trilha-1215.jpg,241,407,0.648
Trilha-1218.jpg,195,399,0.594
Trilha-1219.jpg,215,225,0.44
Trilha-1220.jpg,210,225,0.435
Trilha-1221.jpg,211,225,0.436
Trilha-1222.jpg,209,225,0.434
Trilha-1223.jpg,208,225,0.433
Trilha-1224.jpg,207,225,0.432
Trilha-1225.jpg,207,225,0.432
Trilha-1226.jpg,208,225,0.433
Trilha-1227.jpg,205,225,0.43
Trilha-1228.jpg,203,225,0.428
Trilha-1229.jpg,206,225,0.431
Trilha-1230.jpg,209,225,0.434
Trilha-1231.jpg,210,225,0.435
Trilha-1232.jpg,211,225,0.436
Trilha-1233.jpg,212,225,0.437
Trilha-1234.jpg,208,225,0.433
Trilha-1235.jpg,215,225,0.44
Trilha-1236.jpg,210,225,0.435
Trilha-1237.jpg,211,225,0.436
Trilha-1238.jpg,209,225,0.434
Trilha-1239.jpg,208,225,0.433
Trilha-1240.jpg,207,225,0.432
Trilha-1241.jpg,207,225,0.432
Trilha-1242.jpg,208,225,0.433
Trilha-1243.jpg,205,225,0.43
Trilha-1244.jpg,203,225,0.428
Trilha-1245.jpg,206,225,0.431
Trilha-1246.jpg,209,225,0.434
Trilha-1247.jpg,210,225,0.435
Trilha-1248.jpg,211,225,0.436
Trilha-1249.jpg,212,225,0.437
Trilha-1250.jpg,208,225,0.433
Trilha-1251.jpg,215,225,0.44
Trilha-1252.jpg,210,225,0.435
Trilha-1253.jpg,211,225,0.436
Trilha-1254.jpg,209,225,0.434
Trilha-1255.jpg,208,225,0.433
Trilha-1256.jpg,207,225,0.432
Trilha-1257.jpg,207,225,0.432
Trilha-1258.jpg,208,225,0.433
Trilha-1259.jpg,205,225,0.43
Trilha-1260.jpg,203,225,0.428
Trilha-1261.jpg,206,225,0.431
Trilha-1262.jpg,209,225,0.434
Trilha-1263.jpg,210,225,0.435
Trilha-1264.jpg,211,225,0.436
Trilha-1265.jpg,212,225,0.437
Trilha-1266.jpg,208,225,0.433
Trilha-1267.jpg,215,225,0.44
Trilha-1268.jpg,210,225,0.435
Trilha-1269.jpg,211,225,0.436
Trilha-1270.jpg,209,225,0.434
Trilha-1271.jpg,208,225,0.433
Trilha-1272.jpg,207,225,0.432
Trilha-1273.jpg,207,225,0.432
Trilha-1274.jpg,208,225,0.433
Trilha-1275.jpg,205,225,0.43
Trilha-1276.jpg,203,225,0.428
Trilha-1277.jpg,206,225,0.431
Trilha-1278.jpg,209,225,0.434
Trilha-1279.jpg,210,225,0.435
Trilha-1280.jpg,211,225,0.436
Trilha-1281.jpg,212,225,0.437
Trilha-1282.jpg,208,225,0.433
Trilha-1283.jpg,212,225,0.437
Trilha-1284.jpg,208,225,0.433
Trilha-1285.jpg,360,503,0.863
Trilha-1286.jpg,359,502,0.861
Trilha-1287.jpg,360,504,0.864
Trilha-1288.jpg,360,503,0.863
Trilha-1289.jpg,360,503,0.863
Trilha-1290.jpg,359,503,0.862
Trilha-1291.jpg,361,503,0.864
Trilha-1292.jpg,361,504,0.865
Trilha-1293.jpg,360,502,0.862
Trilha-1294.jpg,358,503,0.861
Trilha-1295.jpg,359,503,0.862
Trilha-1296.jpg,360,503,0.863
Trilha-1298.jpg,359,503,0.862
Trilha-1299.jpg,360,504,0.864
Trilha-1300.jpg,360,502,0.862
Trilha-1301.jpg,359,503,0.862
Trilha-1302.jpg,359,504,0.863
Trilha-1303.jpg,359,503,0.862
Trilha-1304.jpg,359,503,0.862
Trilha-1305.jpg,359,503,0.862
Trilha-1306.jpg,359,503,0.862
Trilha-1307.jpg,359,502,0.861
Trilha-1308.jpg,355,500,0.855
Trilha-1309.jpg,356,500,0.856
Trilha-1314.jpg,205,362,0.567
Trilha-1316.jpg,194,345,0.539
Trilha-1319.jpg,216,368,0.584
Trilha-1320.jpg,217,366,0.583
Trilha-1321.jpg,219,371,0.59
Trilha-1324.jpg,244,397,0.641
Trilha-1325.jpg,252,401,0.653
Trilha-1327.jpg,254,403,0.657
Trilha-1344.jpg,195,349,0.544
Trilha-1345.jpg,210,362,0.572
Trilha-1346.jpg,224,377,0.601
Trilha-1350.jpg,263,420,0.683
Trilha-1352.jpg,249,413,0.662
Trilha-1353.jpg,239,408,0.647
Trilha-1354.jpg,233,398,0.631
Trilha-1355.jpg,222,390,0.612
Trilha-1356.jpg,205,372,0.577
Trilha-1357.jpg,195,365,0.56
Trilha-1358.jpg,192,361,0.553
Trilha-1359.jpg,188,356,0.544
Trilha-1360.jpg,185,353,0.538
Trilha-1367.jpg,181,338,0.519
Trilha-1369.jpg,209,363,0.572
Trilha-1371.jpg,223,380,0.603
Trilha-1372.jpg,238,388,0.626
Trilha-1373.jpg,239,394,0.633
Trilha-1374.jpg,239,397,0.636
Trilha-1375.jpg,235,389,0.624
Trilha-1376.jpg,235,390,0.625
Trilha-1378.jpg,229,385,0.614
Trilha-1379.jpg,233,382,0.615
Trilha-1381.jpg,236,382,0.618
Trilha-1383.jpg,229,383,0.612
Trilha-1384.jpg,232,387,0.619
Trilha-1385.jpg,238,391,0.629
Trilha-1386.jpg,232,384,0.616
Trilha-1388.jpg,284,452,0.736
Trilha-1389.jpg,278,448,0.726
Trilha-1390.jpg,274,439,0.713
Trilha-1391.jpg,249,414,0.663
Trilha-1392.jpg,240,406,0.646
Trilha-1393.jpg,232,395,0.627
Trilha-1394.jpg,223,387,0.61
Trilha-1395.jpg,210,374,0.584
Trilha-1399.jpg,175,339,0.514
Trilha-1400.jpg,175,341,0.516
Trilha-1401.jpg,185,352,0.537
Trilha-1402.jpg,198,366,0.564
Trilha-1403.jpg,213,386,0.599
Trilha-1404.jpg,220,387,0.607
Trilha-1405.jpg,228,399,0.627
Trilha-1406.jpg,229,397,0.626
Trilha-1407.jpg,233,399,0.632
Trilha-1408.jpg,228,400,0.628
Trilha-1409.jpg,233,405,0.638
Trilha-1410.jpg,239,406,0.645
Trilha-1411.jpg,242,408,0.65
Trilha-1412.jpg,245,415,0.66
Trilha-1413.jpg,238,406,0.644
Trilha-1414.jpg,233,400,0.633
Trilha-1416.jpg,219,374,0.593
Trilha-1418.jpg,205,371,0.576
Trilha-1420.jpg,201,362,0.563
Trilha-1421.jpg,225,392,0.617
Trilha-1422.jpg,216,376,0.592
Trilha-1423.jpg,217,370,0.587
Trilha-1424.jpg,209,363,0.572
Trilha-1425.jpg,209,363,0.572
Trilha-1426.jpg,209,363,0.572
Trilha-1427.jpg,209,363,0.572
Trilha-1428.jpg,209,363,0.572
Trilha-1429.jpg,208,363,0.571
Trilha-1430.jpg,208,362,0.57
Trilha-1431.jpg,209,362,0.571
Trilha-1432.jpg,208,362,0.57
Trilha-1433.jpg,212,366,0.578
Trilha-1434.jpg,212,366,0.578
Trilha-1435.jpg,217,368,0.585
Trilha-1442.jpg,204,374,0.578
Trilha-1443.jpg,224,390,0.614
Trilha-1444.jpg,237,402,0.639
Trilha-1445.jpg,250,419,0.669
Trilha-1446.jpg,247,415,0.662
Trilha-1447.jpg,246,412,0.658
Trilha-1448.jpg,242,409,0.651
Trilha-1449.jpg,232,398,0.63
Trilha-1450.jpg,218,387,0.605
Trilha-1451.jpg,201,369,0.57
Trilha-1452.jpg,195,361,0.556
Trilha-1454.jpg,194,361,0.555
Trilha-1455.jpg,202,367,0.569
Trilha-1456.jpg,217,383,0.6
Trilha-1457.jpg,225,390,0.615
Trilha-1458.jpg,246,410,0.656
Trilha-1459.jpg,245,409,0.654
Trilha-1460.jpg,243,405,0.648
Trilha-1461.jpg,239,400,0.639
Trilha-1462.jpg,227,392,0.619
Trilha-1463.jpg,229,389,0.618
Trilha-1464.jpg,226,385,0.611
Trilha-1465.jpg,219,381,0.6
Trilha-1466.jpg,214,378,0.592
Trilha-1467.jpg,211,371,0.582
Trilha-1468.jpg,214,378,0.592
Trilha-1469.jpg,228,377,0.605
Trilha-1470.jpg,223,374,0.597
Trilha-1471.jpg,225,375,0.6
Trilha-1472.jpg,228,374,0.602
Trilha-1473.jpg,229,375,0.604
Trilha-1474.jpg,226,375,0.601
Trilha-1475.jpg,228,375,0.603
Trilha-1476.jpg,224,375,0.599
Trilha-1477.jpg,234,385,0.619
Trilha-1478.jpg,224,376,0.6
Trilha-1479.jpg,226,374,0.6
Trilha-1480.jpg,228,374,0.602
Trilha-1481.jpg,233,382,0.615
Trilha-1482.jpg,248,395,0.643
Trilha-1483.jpg,252,401,0.653
Trilha-1484.jpg,260,408,0.668
Trilha-1485.jpg,264,414,0.678
Trilha-1486.jpg,267,415,0.682
Trilha-1487.jpg,261,410,0.671
Trilha-1488.jpg,254,402,0.656
Trilha-1489.jpg,247,397,0.644
Trilha-1494.jpg,217,364,0.581
Trilha-1495.jpg,210,357,0.567
Trilha-1496.jpg,203,355,0.558
Trilha-1497.jpg,199,349,0.548
Trilha-1498.jpg,197,349,0.546
Trilha-1499.jpg,182,347,0.529
Trilha-1500.jpg,199,347,0.546
Trilha-1501.jpg,193,346,0.539
Trilha-1502.jpg,191,353,0.544
Trilha-1503.jpg,202,363,0.565
Trilha-1504.jpg,221,380,0.601
Trilha-1505.jpg,230,388,0.618
Trilha-1512.jpg,200,353,0.553
Trilha-1513.jpg,201,353,0.554
Trilha-1515.jpg,199,350,0.549
Trilha-1516.jpg,199,350,0.549
Trilha-1518.jpg,198,349,0.547
Trilha-1519.jpg,200,349,0.549
Trilha-1520.jpg,201,349,0.55
Trilha-1521.jpg,196,347,0.543
Trilha-1522.jpg,196,346,0.542
Trilha-1523.jpg,198,349,0.547
Trilha-1524.jpg,198,349,0.547
Trilha-1528.jpg,197,346,0.543
Trilha-1529.jpg,188,338,0.526
Trilha-1530.jpg,181,332,0.513
Trilha-1531.jpg,190,337,0.527
Trilha-1532.jpg,197,344,0.541
Trilha-1533.jpg,209,355,0.564
Trilha-1534.jpg,219,364,0.583
Trilha-1535.jpg,226,374,0.6
Trilha-1536.jpg,244,394,0.638
Trilha-1537.jpg,249,399,0.648
Trilha-1538.jpg,251,402,0.653
Trilha-1539.jpg,253,404,0.657
Trilha-1540.jpg,256,406,0.662
Trilha-1541.jpg,243,391,0.634
Trilha-1542.jpg,224,370,0.594
Trilha-1547.jpg,198,355,0.553
Trilha-1550.jpg,241,390,0.631
Trilha-1576.jpg,226,384,0.61
Trilha-1578.jpg,251,401,0.652
Trilha-1579.jpg,245,395,0.64
Trilha-1580.jpg,245,397,0.642
Trilha-1581.jpg,243,399,0.642
Trilha-1582.jpg,243,397,0.64
Trilha-1583.jpg,245,398,0.643
Trilha-1584.jpg,244,397,0.641
Trilha-1585.jpg,243,400,0.643
Trilha-1586.jpg,242,400,0.642
Trilha-1587.jpg,241,398,0.639
Trilha-1588.jpg,241,398,0.639
Trilha-1589.jpg,241,396,0.637
Trilha-1590.jpg,242,397,0.639
Trilha-1591.jpg,240,395,0.635
Trilha-1592.jpg,241,397,0.638
Trilha-1593.jpg,239,396,0.635
Trilha-1594.jpg,236,396,0.632
Trilha-1595.jpg,232,386,0.618
Trilha-1596.jpg,265,420,0.685
Trilha-1597.jpg,252,412,0.664
Trilha-1598.jpg,243,398,0.641
Trilha-1599.jpg,234,387,0.621
Trilha-1600.jpg,109,381,0.49
Trilha-1601.jpg,224,412,0.636
Trilha-1602.jpg,256,447,0.703
Trilha-1603.jpg,287,438,0.725
Trilha-1605.jpg,248,471,0.719
Trilha-1606.jpg,228,451,0.679
Trilha-1607.jpg,223,425,0.648
Trilha-1608.jpg,215,415,0.63
Trilha-1609.jpg,367,403,0.77
Trilha-1610.jpg,357,400,0.757
Trilha-1611.jpg,369,406,0.775
Trilha-1612.jpg,358,401,0.759
Trilha-1613.jpg,358,397,0.755
Trilha-1614.jpg,357,395,0.752
Trilha-1615.jpg,358,396,0.754
Trilha-1616.jpg,353,387,0.74
Trilha-1617.jpg,354,403,0.757
Trilha-1618.jpg,369,406,0.775
Trilha-1619.jpg,358,401,0.759
Trilha-1620.jpg,358,397,0.755
Trilha-1621.jpg,357,395,0.752
Trilha-1622.jpg,367,403,0.77
Trilha-1623.jpg,357,400,0.757
Trilha-1624.jpg,369,406,0.775
Trilha-1625.jpg,358,401,0.759
Trilha-1626.jpg,358,397,0.755
Trilha-1627.jpg,357,395,0.752
Trilha-1628.jpg,358,396,0.754
Trilha-1629.jpg,353,387,0.74
Trilha-1630.jpg,354,403,0.757
Trilha-1631.jpg,369,406,0.775
Trilha-1632.jpg,358,401,0.759
Trilha-1633.jpg,358,397,0.755
Trilha-1634.jpg,357,395,0.752
Trilha-1635.jpg,354,403,0.757
Trilha-1636.jpg,369,406,0.775
Trilha-1637.jpg,358,401,0.759
Trilha-1638.jpg,358,397,0.755
Trilha-1639.jpg,357,395,0.752
Trilha-1640.jpg,358,401,0.759
Trilha-1641.jpg,358,397,0.755
Trilha-1642.jpg,247,392,0.639
Trilha-1644.jpg,253,393,0.646
Trilha-1660.jpg,243,389,0.632
Trilha-1661.jpg,245,393,0.638
Trilha-1662.jpg,251,388,0.639
Trilha-1667.jpg,256,396,0.652
Trilha-1668.jpg,253,398,0.651
Trilha-1669.jpg,238,380,0.618
Trilha-1671.jpg,211,352,0.563
Trilha-1672.jpg,200,339,0.539
Trilha-1673.jpg,188,329,0.517
Trilha-1674.jpg,199,340,0.539
Trilha-1675.jpg,226,360,0.586
Trilha-1676.jpg,245,385,0.63
Trilha-1677.jpg,251,391,0.642
Trilha-1679.jpg,258,398,0.656
Trilha-1681.jpg,270,411,0.681
Trilha-1694.jpg,244,385,0.629
Trilha-1695.jpg,250,396,0.646
Trilha-1696.jpg,259,403,0.662
Trilha-1698.jpg,275,425,0.7
Trilha-1699.jpg,268,414,0.682
Trilha-1704.jpg,227,370,0.597
Trilha-1705.jpg,222,364,0.586
Trilha-1706.jpg,211,353,0.564
Trilha-1707.jpg,207,350,0.557
Trilha-1708.jpg,190,338,0.528
Trilha-1709.jpg,183,330,0.513
Trilha-1710.jpg,190,336,0.526
Trilha-1711.jpg,200,344,0.544
Trilha-1712.jpg,216,360,0.576
Trilha-1713.jpg,227,373,0.6
Trilha-1715.jpg,242,382,0.624
Trilha-1716.jpg,244,389,0.633
Trilha-1717.jpg,243,385,0.628
Trilha-1718.jpg,243,383,0.626
Trilha-1719.jpg,247,388,0.635
Trilha-1720.jpg,240,382,0.622
Trilha-1721.jpg,238,382,0.62
Trilha-1722.jpg,239,381,0.62
Trilha-1723.jpg,239,380,0.619
Trilha-1724.jpg,240,381,0.621
Trilha-1725.jpg,240,382,0.622
Trilha-1726.jpg,238,379,0.617
Trilha-1727.jpg,239,380,0.619
Trilha-1728.jpg,238,380,0.618
Trilha-1729.jpg,237,379,0.616
Trilha-1730.jpg,235,380,0.615
Trilha-1731.jpg,237,379,0.616
Trilha-1732.jpg,236,378,0.614
Trilha-1734.jpg,237,380,0.617
Trilha-1735.jpg,236,379,0.615
Trilha-1736.jpg,236,379,0.615
Trilha-1737.jpg,239,380,0.619
Trilha-1738.jpg,237,380,0.617
Trilha-1739.jpg,231,371,0.602
Trilha-1740.jpg,224,363,0.587
Trilha-1741.jpg,222,362,0.584
Trilha-1742.jpg,226,367,0.593
Trilha-1743.jpg,228,368,0.596
Trilha-1747.jpg,239,380,0.619
Trilha-1750.jpg,248,388,0.636
Trilha-1751.jpg,237,382,0.619
Trilha-1752.jpg,240,377,0.617
Trilha-1754.jpg,237,380,0.617
Trilha-1755.jpg,237,379,0.616
Trilha-1759.jpg,225,369,0.594
Trilha-1761.jpg,210,350,0.56
Trilha-1764.jpg,204,341,0.545
Trilha-1765.jpg,199,339,0.538
Trilha-1766.jpg,194,332,0.526
Trilha-1767.jpg,189,331,0.52
Trilha-1768.jpg,204,345,0.549
Trilha-1770.jpg,237,379,0.616
Trilha-1771.jpg,240,386,0.626
Trilha-1772.jpg,244,394,0.638
Trilha-1773.jpg,241,387,0.628
Trilha-1774.jpg,236,385,0.621
Trilha-1775.jpg,225,373,0.598
Trilha-1776.jpg,223,371,0.594
Trilha-1777.jpg,213,362,0.575
Trilha-1781.jpg,229,371,0.6
Trilha-1782.jpg,228,375,0.603
Trilha-1785.jpg,241,389,0.63
Trilha-1786.jpg,253,400,0.653
Trilha-1787.jpg,250,397,0.647
Trilha-1788.jpg,249,396,0.645
Trilha-1791.jpg,271,416,0.687
Trilha-1792.jpg,265,409,0.674
Trilha-1793.jpg,257,405,0.662
Trilha-1794.jpg,243,389,0.632
Trilha-1795.jpg,231,380,0.611
Trilha-1796.jpg,230,378,0.608
Trilha-1797.jpg,230,379,0.609
Trilha-1798.jpg,230,377,0.607
Trilha-1799.jpg,231,378,0.609
Trilha-1801.jpg,229,376,0.605
Trilha-1802.jpg,227,376,0.603
Trilha-1803.jpg,229,376,0.605
Trilha-1804.jpg,227,372,0.599
Trilha-1805.jpg,208,352,0.56
Trilha-1806.jpg,247,392,0.639
Trilha-1807.jpg,238,383,0.621
Trilha-1808.jpg,244,392,0.636
Trilha-1809.jpg,239,389,0.628
Trilha-1810.jpg,235,380,0.615
Trilha-1811.jpg,237,382,0.619
Trilha-1812.jpg,238,383,0.621
Trilha-1813.jpg,237,381,0.618
Trilha-1814.jpg,241,383,0.624
Trilha-1816.jpg,258,402,0.66
Trilha-1817.jpg,266,412,0.678
Trilha-1818.jpg,261,410,0.671
Trilha-1820.jpg,248,395,0.643
Trilha-1821.jpg,238,383,0.621
Trilha-1822.jpg,222,365,0.587
Trilha-1823.jpg,215,359,0.574
Trilha-1824.jpg,208,353,0.561
Trilha-1826.jpg,228,373,0.601
Trilha-1830.jpg,260,408,0.668
Trilha-1831.jpg,246,396,0.642
Trilha-1854.jpg,215,225,0.44
Trilha-1855.jpg,210,225,0.435
Trilha-1856.jpg,211,225,0.436
Trilha-1857.jpg,209,225,0.434
Trilha-1858.jpg,208,225,0.433
Trilha-1859.jpg,207,225,0.432
Trilha-1860.jpg,207,225,0.432
Trilha-1861.jpg,208,225,0.433
Trilha-1862.jpg,205,225,0.43
Trilha-1863.jpg,203,225,0.428
Trilha-1864.jpg,206,225,0.431
Trilha-1865.jpg,209,225,0.434
Trilha-1866.jpg,210,225,0.435
Trilha-1867.jpg,211,225,0.436
Trilha-1868.jpg,215,225,0.44
Trilha-1869.jpg,210,225,0.435
Trilha-1870.jpg,211,225,0.436
Trilha-1871.jpg,209,225,0.434
Trilha-1872.jpg,208,225,0.433
Trilha-1873.jpg,207,225,0.432
Trilha-1874.jpg,207,225,0.432
Trilha-1875.jpg,208,225,0.433
Trilha-1876.jpg,205,225,0.43
Trilha-1877.jpg,203,225,0.428
Trilha-1878.jpg,206,225,0.431
Trilha-1879.jpg,209,225,0.434
Trilha-1880.jpg,210,225,0.435
Trilha-1881.jpg,211,225,0.436
Trilha-1882.jpg,210,225,0.435
Trilha-1883.jpg,211,225,0.436
Trilha-1891.jpg,286,432,0.718
Trilha-1894.jpg,207,361,0.568
Trilha-1895.jpg,214,373,0.587
Trilha-1896.jpg,210,369,0.579
Trilha-1898.jpg,206,366,0.572
Trilha-1900.jpg,235,397,0.632
Trilha-1903.jpg,254,398,0.652
Trilha-1904.jpg,247,397,0.644
Trilha-1905.jpg,247,399,0.646
Trilha-1911.jpg,246,391,0.637
Trilha-1913.jpg,241,392,0.633
Trilha-1914.jpg,252,404,0.656
Trilha-1915.jpg,266,419,0.685
Trilha-1917.jpg,259,409,0.668
Trilha-1918.jpg,263,414,0.677
Trilha-1921.jpg,252,407,0.659
Trilha-1946.jpg,175,200,0.375
Trilha-1947.jpg,178,200,0.378
Trilha-1948.jpg,179,200,0.379
Trilha-1949.jpg,175,200,0.375
Trilha-1950.jpg,178,200,0.378
Trilha-1951.jpg,173,200,0.373
Trilha-1952.jpg,173,200,0.373
Trilha-1953.jpg,173,200,0.373
Trilha-1954.jpg,176,200,0.376
Trilha-1955.jpg,173,200,0.373
Trilha-1956.jpg,173,200,0.373
Trilha-1957.jpg,173,200,0.373
Trilha-1958.jpg,175,200,0.375
Trilha-1959.jpg,178,200,0.378
Trilha-1960.jpg,179,200,0.379
Trilha-1961.jpg,175,200,0.375
Trilha-1962.jpg,178,200,0.378
Trilha-1963.jpg,173,200,0.373
Trilha-1964.jpg,173,200,0.373
Trilha-1965.jpg,173,200,0.373
Trilha-1966.jpg,176,200,0.376
Trilha-1967.jpg,173,200,0.373
Trilha-1968.jpg,173,200,0.373
Trilha-1969.jpg,173,200,0.373
Trilha-1970.jpg,173,200,0.373
Trilha-1971.jpg,173,200,0.373
Trilha-1972.jpg,173,200,0.373
Trilha-1979.jpg,204,377,0.581
Trilha-1980.jpg,203,377,0.58
Trilha-1981.jpg,204,377,0.581
Trilha-1982.jpg,204,375,0.579
Trilha-1983.jpg,204,376,0.58
Trilha-1985.jpg,204,377,0.581
Trilha-1986.jpg,203,377,0.58
Trilha-1987.jpg,204,376,0.58
Trilha-1989.jpg,203,377,0.58
Trilha-1990.jpg,203,375,0.578
Trilha-1991.jpg,203,377,0.58
Trilha-1995.jpg,203,376,0.579
Trilha-1996.jpg,204,375,0.579
Trilha-1997.jpg,204,376,0.58
Trilha-1998.jpg,204,377,0.581
Trilha-1999.jpg,204,376,0.58
Trilha-2000.jpg,204,378,0.582
Trilha-2001.jpg,204,376,0.58
Trilha-2002.jpg,204,376,0.58
Trilha-2003.jpg,204,376,0.58
Trilha-2004.jpg,205,377,0.582
Trilha-2005.jpg,204,377,0.581
Trilha-2006.jpg,204,377,0.581
Trilha-2007.jpg,204,376,0.58
Trilha-2008.jpg,204,377,0.581
Trilha-2009.jpg,204,376,0.58
Trilha-2010.jpg,204,376,0.58
Trilha-2011.jpg,204,376,0.58
Trilha-2012.jpg,204,377,0.581
Trilha-2013.jpg,204,376,0.58
Trilha-2014.jpg,204,376,0.58
Trilha-2015.jpg,204,377,0.581
Trilha-2016.jpg,204,376,0.58
Trilha-2017.jpg,200,377,0.577
Trilha-2018.jpg,197,376,0.573
Trilha-2022.jpg,198,377,0.575
Trilha-2023.jpg,199,377,0.576
Trilha-2024.jpg,198,377,0.575
Trilha-2025.jpg,199,378,0.577
Trilha-2026.jpg,202,381,0.583
Trilha-2028.jpg,202,383,0.585
Trilha-2033.jpg,228,410,0.638
Trilha-2035.jpg,224,404,0.628
Trilha-2036.jpg,239,418,0.657
Trilha-2056.jpg,296,450,0.746
Trilha-2098.jpg,240,407,0.647
Trilha-2107.jpg,238,405,0.643
Trilha-2117.jpg,265,421,0.686
Trilha-2129.jpg,286,442,0.728
Trilha-2138.jpg,293,448,0.741
Trilha-2156.jpg,241,404,0.645
Trilha-2195.jpg,206,369,0.575
Trilha-2198.jpg,221,385,0.606
Trilha-2200.jpg,232,396,0.628
Trilha-2201.jpg,238,396,0.634
Trilha-2203.jpg,237,395,0.632
Trilha-2207.jpg,253,411,0.664
Trilha-2208.jpg,250,410,0.66
Trilha-2209.jpg,249,408,0.657
Trilha-2210.jpg,240,400,0.64
Trilha-2211.jpg,231,388,0.619
Trilha-2236.jpg,230,374,0.604
Trilha-2238.jpg,224,368,0.592
Trilha-2239.jpg,220,367,0.587
Trilha-2241.jpg,225,374,0.599
Trilha-2242.jpg,223,372,0.595
Trilha-2245.jpg,224,374,0.598
Trilha-2247.jpg,225,375,0.6
Trilha-2248.jpg,225,375,0.6
Trilha-2249.jpg,224,375,0.599
Trilha-2250.jpg,229,379,0.608
Trilha-2251.jpg,232,382,0.614
Trilha-2252.jpg,235,385,0.62
Trilha-2254.jpg,237,390,0.627
Trilha-2255.jpg,238,392,0.63
Trilha-2256.jpg,247,398,0.645
Trilha-2258.jpg,266,419,0.685
Trilha-2259.jpg,264,419,0.683
Trilha-2262.jpg,261,416,0.677
Trilha-2263.jpg,262,417,0.679
Trilha-2266.jpg,268,426,0.694
Trilha-2270.jpg,273,431,0.704
Trilha-2272.jpg,273,434,0.707
Trilha-2273.jpg,278,435,0.713
Trilha-2274.jpg,278,436,0.714
Trilha-2275.jpg,278,437,0.715
Trilha-2276.jpg,276,435,0.711
Trilha-2277.jpg,275,434,0.709
Trilha-2278.jpg,273,432,0.705
Trilha-2279.jpg,271,430,0.701
Trilha-2283.jpg,260,424,0.684
Trilha-2284.jpg,258,420,0.678
Trilha-2285.jpg,254,416,0.67
Trilha-2286.jpg,251,413,0.664
Trilha-2288.jpg,245,406,0.651
Trilha-2291.jpg,230,389,0.619
Trilha-2293.jpg,226,383,0.609
Trilha-2294.jpg,222,378,0.6
Trilha-2297.jpg,213,369,0.582
Trilha-2308.jpg,186,335,0.521
Trilha-2310.jpg,205,356,0.561
Trilha-2311.jpg,203,351,0.554
Trilha-2312.jpg,214,366,0.58
Trilha-2313.jpg,228,380,0.608
Trilha-2314.jpg,243,391,0.634
Trilha-2315.jpg,239,392,0.631
Trilha-2316.jpg,238,392,0.63
Trilha-2317.jpg,241,391,0.632
Trilha-2318.jpg,239,392,0.631
Trilha-2319.jpg,239,391,0.63
Trilha-2320.jpg,241,392,0.633
Trilha-2321.jpg,238,394,0.632
Trilha-2322.jpg,241,392,0.633
Trilha-2323.jpg,239,392,0.631
Trilha-2324.jpg,240,394,0.634
Trilha-2325.jpg,243,394,0.637
Trilha-2326.jpg,241,393,0.634
Trilha-2328.jpg,248,401,0.649
Trilha-2330.jpg,259,413,0.672
Trilha-2331.jpg,265,418,0.683
Trilha-2332.jpg,268,420,0.688
Trilha-2333.jpg,271,423,0.694
Trilha-2334.jpg,273,428,0.701
Trilha-2335.jpg,277,431,0.708
Trilha-2336.jpg,278,432,0.71
Trilha-2337.jpg,279,434,0.713
Trilha-2338.jpg,276,430,0.706
Trilha-2340.jpg,278,432,0.71
Trilha-2341.jpg,278,433,0.711
Trilha-2342.jpg,269,424,0.693
Trilha-2343.jpg,263,419,0.682
Trilha-2349.jpg,238,393,0.631
Trilha-2351.jpg,236,391,0.627
Trilha-2352.jpg,236,389,0.625
Trilha-2353.jpg,235,391,0.626
Trilha-2354.jpg,239,391,0.63
Trilha-2355.jpg,235,390,0.625
Trilha-2357.jpg,239,390,0.629
Trilha-2360.jpg,239,389,0.628
Trilha-2361.jpg,235,389,0.624
Trilha-2362.jpg,233,388,0.621
Trilha-2363.jpg,234,389,0.623
Trilha-2364.jpg,239,386,0.625
Trilha-2366.jpg,239,391,0.63
Trilha-2367.jpg,235,390,0.625
Trilha-2370.jpg,235,387,0.622
Trilha-2371.jpg,235,388,0.623
Trilha-2372.jpg,229,385,0.614
Trilha-2373.jpg,221,377,0.598
Trilha-2374.jpg,217,372,0.589
Trilha-2375.jpg,211,366,0.577
Trilha-2376.jpg,207,362,0.569
Trilha-2379.jpg,194,347,0.541
Trilha-2380.jpg,189,345,0.534
Trilha-2382.jpg,185,342,0.527
Trilha-2384.jpg,184,340,0.524
Trilha-2385.jpg,173,330,0.503
Trilha-2402.jpg,207,347,0.554
Trilha-2404.jpg,242,386,0.628
Trilha-2405.jpg,261,403,0.664
Trilha-2410.jpg,286,425,0.711
Trilha-2414.jpg,296,438,0.734
Trilha-2416.jpg,235,434,0.669
Trilha-2418.jpg,259,429,0.688
Trilha-2420.jpg,244,417,0.661
Trilha-2445.jpg,367,403,0.77
Trilha-2446.jpg,357,400,0.757
Trilha-2447.jpg,369,406,0.775
Trilha-2448.jpg,358,401,0.759
Trilha-2449.jpg,358,397,0.755
Trilha-2450.jpg,357,395,0.752
Trilha-2451.jpg,358,396,0.754
Trilha-2452.jpg,353,387,0.74
Trilha-2453.jpg,354,403,0.757
Trilha-2454.jpg,369,406,0.775
Trilha-2455.jpg,367,403,0.77
Trilha-2456.jpg,357,400,0.757
Trilha-2457.jpg,369,406,0.775
Trilha-2458.jpg,358,401,0.759
Trilha-2459.jpg,358,397,0.755
Trilha-2460.jpg,357,395,0.752
Trilha-2461.jpg,358,396,0.754
Trilha-2462.jpg,353,387,0.74
Trilha-2463.jpg,354,403,0.757
Trilha-2464.jpg,369,406,0.775
Trilha-2465.jpg,367,403,0.77
Trilha-2466.jpg,357,400,0.757
Trilha-2467.jpg,369,406,0.775
Trilha-2468.jpg,358,401,0.759
Trilha-2469.jpg,358,397,0.755
Trilha-2470.jpg,357,395,0.752
Trilha-2471.jpg,358,396,0.754
Trilha-2472.jpg,353,387,0.74
Trilha-2473.jpg,354,403,0.757
Trilha-2474.jpg,369,406,0.775
Trilha-2475.jpg,184,330,0.514
Trilha-2476.jpg,191,336,0.527
Trilha-2477.jpg,194,338,0.532
Trilha-2478.jpg,193,337,0.53
Trilha-2479.jpg,193,337,0.53
Trilha-2480.jpg,202,344,0.546
Trilha-2481.jpg,201,345,0.546
Trilha-2482.jpg,201,345,0.546
Trilha-2483.jpg,201,345,0.546
Trilha-2484.jpg,201,345,0.546
Trilha-2485.jpg,196,341,0.537
Trilha-2486.jpg,196,341,0.537
Trilha-2487.jpg,200,342,0.542
Trilha-2488.jpg,202,346,0.548
Trilha-2489.jpg,191,336,0.527
Trilha-2508.jpg,241,725,0.966
Trilha-2512.jpg,262,408,0.67
Trilha-2523.jpg,196,449,0.645
Trilha-2526.jpg,227,494,0.721
Trilha-2527.jpg,359,375,0.734
Trilha-2528.jpg,356,375,0.731
Trilha-2529.jpg,354,375,0.729
Trilha-2530.jpg,351,375,0.726
Trilha-2531.jpg,358,375,0.733
Trilha-2532.jpg,357,375,0.732
Trilha-2533.jpg,358,375,0.733
Trilha-2534.jpg,356,375,0.731
Trilha-2535.jpg,358,375,0.733
Trilha-2536.jpg,350,375,0.725
Trilha-2537.jpg,351,375,0.726
Trilha-2538.jpg,359,375,0.734
Trilha-2539.jpg,356,375,0.731
Trilha-2540.jpg,354,375,0.729
Trilha-2541.jpg,351,375,0.726
Trilha-2542.jpg,358,375,0.733
Trilha-2543.jpg,357,375,0.732
Trilha-2544.jpg,358,375,0.733
Trilha-2545.jpg,356,375,0.731
Trilha-2546.jpg,358,375,0.733
Trilha-2547.jpg,350,375,0.725
Trilha-2548.jpg,351,375,0.726
Trilha-2549.jpg,358,375,0.733
Trilha-2550.jpg,350,375,0.725
Trilha-2551.jpg,351,375,0.726
Trilha-2559.jpg,185,333,0.518
Trilha-2560.jpg,184,337,0.521
Trilha-2561.jpg,185,337,0.522
Trilha-2562.jpg,185,337,0.522
Trilha-2563.jpg,185,337,0.522
Trilha-2564.jpg,185,337,0.522
Trilha-2565.jpg,185,337,0.522
Trilha-2566.jpg,186,337,0.523
Trilha-2567.jpg,185,337,0.522
Trilha-2568.jpg,185,337,0.522
Trilha-2569.jpg,185,338,0.523
Trilha-2570.jpg,186,338,0.524
Trilha-2571.jpg,186,338,0.524
Trilha-2572.jpg,186,338,0.524
Trilha-2573.jpg,184,337,0.521
Trilha-2575.jpg,197,348,0.545
Trilha-2576.jpg,200,349,0.549
Trilha-2579.jpg,226,371,0.597
Trilha-2581.jpg,236,389,0.625
Trilha-2583.jpg,238,386,0.624
Trilha-2584.jpg,250,397,0.647
Trilha-2585.jpg,251,390,0.641
Trilha-2586.jpg,238,378,0.616
Trilha-2587.jpg,249,388,0.637
Trilha-2588.jpg,262,404,0.666
Trilha-2589.jpg,271,412,0.683
Trilha-2590.jpg,272,412,0.684
Trilha-2591.jpg,267,408,0.675
Trilha-2599.jpg,230,250,0.48
Trilha-2600.jpg,225,250,0.475
Trilha-2601.jpg,226,250,0.476
Trilha-2602.jpg,227,250,0.477
Trilha-2603.jpg,232,250,0.482
Trilha-2604.jpg,235,250,0.485
Trilha-2605.jpg,236,250,0.486
Trilha-2606.jpg,234,250,0.484
Trilha-2607.jpg,234,250,0.484
Trilha-2608.jpg,235,250,0.485
Trilha-2609.jpg,230,250,0.48
Trilha-2610.jpg,225,250,0.475
Trilha-2611.jpg,226,250,0.476
Trilha-2612.jpg,227,250,0.477
Trilha-2613.jpg,232,250,0.482
Trilha-2614.jpg,235,250,0.485
Trilha-2615.jpg,236,250,0.486
Trilha-2616.jpg,234,250,0.484
Trilha-2617.jpg,234,250,0.484
Trilha-2618.jpg,235,250,0.485
Trilha-2619.jpg,236,250,0.486
Trilha-2620.jpg,234,250,0.484
Trilha-2621.jpg,234,250,0.484
Trilha-2622.jpg,235,250,0.485
Trilha-2623.jpg,235,250,0.485
Trilha-2624.jpg,236,250,0.486
Trilha-2642.jpg,250,397,0.647
Trilha-2662.jpg,215,225,0.44
Trilha-2663.jpg,210,225,0.435
Trilha-2664.jpg,211,225,0.436
Trilha-2665.jpg,209,225,0.434
Trilha-2666.jpg,208,225,0.433
Trilha-2667.jpg,207,225,0.432
Trilha-2668.jpg,207,225,0.432
Trilha-2669.jpg,208,225,0.433
Trilha-2670.jpg,205,225,0.43
Trilha-2671.jpg,203,225,0.428
Trilha-2672.jpg,206,225,0.431
Trilha-2673.jpg,215,225,0.44
Trilha-2674.jpg,210,225,0.435
Trilha-2675.jpg,211,225,0.436
Trilha-2676.jpg,209,225,0.434
Trilha-2677.jpg,208,225,0.433
Trilha-2678.jpg,207,225,0.432
Trilha-2679.jpg,207,225,0.432
Trilha-2680.jpg,208,225,0.433
Trilha-2681.jpg,205,225,0.43
Trilha-2682.jpg,203,225,0.428
Trilha-2683.jpg,206,225,0.431
Trilha-2684.jpg,215,225,0.44
Trilha-2685.jpg,210,225,0.435
Trilha-2686.jpg,211,225,0.436
Trilha-2687.jpg,209,225,0.434
Trilha-2688.jpg,208,225,0.433
Trilha-2689.jpg,207,225,0.432
Trilha-2690.jpg,207,225,0.432
Trilha-2691.jpg,208,225,0.433
Trilha-2692.jpg,205,225,0.43
Trilha-2693.jpg,203,225,0.428
Trilha-2694.jpg,206,225,0.431
Trilha-2695.jpg,215,225,0.44
Trilha-2696.jpg,210,225,0.435
Trilha-2697.jpg,211,225,0.436
Trilha-2698.jpg,209,225,0.434
Trilha-2699.jpg,208,225,0.433
Trilha-2700.jpg,207,225,0.432
Trilha-2701.jpg,207,225,0.432
Trilha-2702.jpg,208,225,0.433
Trilha-2703.jpg,205,225,0.43
Trilha-2704.jpg,203,225,0.428
Trilha-2705.jpg,206,225,0.431
Trilha-2706.jpg,215,225,0.44
Trilha-2707.jpg,210,225,0.435
Trilha-2708.jpg,211,225,0.436
Trilha-2709.jpg,209,225,0.434
Trilha-2710.jpg,208,225,0.433
Trilha-2711.jpg,207,225,0.432
Trilha-2712.jpg,207,225,0.432
Trilha-2713.jpg,208,225,0.433
Trilha-2714.jpg,205,225,0.43
Trilha-2715.jpg,203,225,0.428
Trilha-2716.jpg,206,225,0.431
Trilha-2717.jpg,203,225,0.428
Trilha-2718.jpg,206,225,0.431
Trilha-2719.jpg,265,413,0.678
Trilha-2721.jpg,265,409,0.674
Trilha-2722.jpg,264,411,0.675
Trilha-2723.jpg,264,410,0.674
Trilha-2724.jpg,265,411,0.676
Trilha-2725.jpg,265,411,0.676
Trilha-2726.jpg,264,411,0.675
Trilha-2727.jpg,264,411,0.675
Trilha-2728.jpg,264,411,0.675
Trilha-2729.jpg,250,397,0.647
Trilha-2734.jpg,215,363,0.578
Trilha-2735.jpg,215,364,0.579
Trilha-2736.jpg,210,359,0.569
Trilha-2739.jpg,204,357,0.561
Trilha-2740.jpg,207,356,0.563
Trilha-2741.jpg,209,359,0.568
Trilha-2742.jpg,215,364,0.579
Trilha-2745.jpg,240,389,0.629
Trilha-2746.jpg,241,389,0.63
Trilha-2747.jpg,246,397,0.643
Trilha-2748.jpg,247,399,0.646
Trilha-2750.jpg,263,411,0.674
Trilha-2752.jpg,271,421,0.692
Trilha-2753.jpg,279,428,0.707
Trilha-2755.jpg,290,440,0.73
Trilha-2756.jpg,299,447,0.746
Trilha-2757.jpg,300,450,0.75
Trilha-2758.jpg,299,450,0.749
Trilha-2759.jpg,295,446,0.741
Trilha-2761.jpg,296,446,0.742
Trilha-2762.jpg,295,446,0.741
Trilha-2763.jpg,294,444,0.738
Trilha-2764.jpg,293,443,0.736
Trilha-2778.jpg,232,373,0.605
Trilha-2805.jpg,241,394,0.635
Trilha-2811.jpg,232,391,0.623
Trilha-2812.jpg,233,389,0.622
Trilha-2813.jpg,233,389,0.622
Trilha-2814.jpg,234,390,0.624
Trilha-2815.jpg,233,389,0.622
Trilha-2816.jpg,233,389,0.622
Trilha-2817.jpg,234,390,0.624
Trilha-2818.jpg,234,389,0.623
Trilha-2819.jpg,234,389,0.623
Trilha-2820.jpg,233,389,0.622
Trilha-2821.jpg,234,389,0.623
Trilha-2823.jpg,234,389,0.623
Trilha-2824.jpg,233,389,0.622
Trilha-2825.jpg,233,389,0.622
Trilha-2826.jpg,234,389,0.623
Trilha-2827.jpg,233,390,0.623
Trilha-2828.jpg,235,389,0.624
Trilha-2829.jpg,234,389,0.623
Trilha-2830.jpg,233,389,0.622
Trilha-2831.jpg,234,389,0.623
Trilha-2832.jpg,234,389,0.623
Trilha-2833.jpg,234,389,0.623
Trilha-2834.jpg,237,389,0.626
Trilha-2835.jpg,236,389,0.625
Trilha-2836.jpg,234,389,0.623
Trilha-2839.jpg,233,388,0.621
Trilha-2841.jpg,232,387,0.619
Trilha-2842.jpg,232,387,0.619
Trilha-2843.jpg,232,388,0.62
Trilha-2849.jpg,217,371,0.588
Trilha-2851.jpg,215,366,0.581
Trilha-2852.jpg,227,381,0.608
Trilha-2853.jpg,227,381,0.608
Trilha-2855.jpg,227,379,0.606
Trilha-2856.jpg,235,383,0.618
Trilha-2857.jpg,242,388,0.63
Trilha-2858.jpg,246,390,0.636
Trilha-2860.jpg,252,401,0.653
Trilha-2861.jpg,261,408,0.669
Trilha-2862.jpg,265,405,0.67
Trilha-2865.jpg,244,388,0.632
Trilha-2866.jpg,239,385,0.624
Trilha-2868.jpg,231,379,0.61
Trilha-2869.jpg,226,376,0.602
Trilha-2870.jpg,222,369,0.591
Trilha-2871.jpg,211,365,0.576
Trilha-2874.jpg,196,351,0.547
Trilha-2875.jpg,196,351,0.547
Trilha-2876.jpg,196,350,0.546
Trilha-2877.jpg,196,351,0.547
Trilha-2878.jpg,196,351,0.547
Trilha-2879.jpg,195,350,0.545
Trilha-2880.jpg,195,351,0.546
Trilha-2881.jpg,195,350,0.545
Trilha-2882.jpg,196,351,0.547
Trilha-2883.jpg,196,350,0.546
Trilha-2884.jpg,196,351,0.547
Trilha-2885.jpg,195,350,0.545
Trilha-2886.jpg,196,350,0.546
Trilha-2887.jpg,195,351,0.546
Trilha-2888.jpg,196,348,0.544
Trilha-2889.jpg,197,349,0.546
Trilha-2890.jpg,196,349,0.545
Trilha-2891.jpg,196,347,0.543
Trilha-2892.jpg,195,349,0.544
Trilha-2893.jpg,196,349,0.545
Trilha-2894.jpg,196,349,0.545
Trilha-2895.jpg,196,349,0.545
Trilha-2896.jpg,196,349,0.545
Trilha-2897.jpg,195,347,0.542
Trilha-2898.jpg,196,349,0.545
Trilha-2899.jpg,196,347,0.543
Trilha-2900.jpg,195,349,0.544
Trilha-2901.jpg,196,349,0.545
Trilha-2902.jpg,196,348,0.544
Trilha-2903.jpg,193,347,0.54
Trilha-2919.jpg,274,415,0.689
Trilha-2927.jpg,221,369,0.59
Trilha-2946.jpg,230,382,0.612
Trilha-2948.jpg,231,382,0.613
Trilha-2949.jpg,229,382,0.611
Trilha-2950.jpg,231,381,0.612
Trilha-2951.jpg,231,382,0.613
Trilha-2952.jpg,228,382,0.61
Trilha-2953.jpg,225,379,0.604
Trilha-2954.jpg,223,375,0.598
Trilha-2955.jpg,211,365,0.576
Trilha-2962.jpg,194,348,0.542
Trilha-2963.jpg,208,357,0.565
Trilha-2967.jpg,249,399,0.648
Trilha-2969.jpg,238,399,0.637
Trilha-2970.jpg,235,388,0.623
Trilha-2971.jpg,227,383,0.61
Trilha-2972.jpg,223,377,0.6
Trilha-2973.jpg,217,370,0.587
Trilha-2974.jpg,218,369,0.587
Trilha-2975.jpg,210,357,0.567
Trilha-2976.jpg,201,354,0.555
Trilha-2989.jpg,239,380,0.619
Trilha-2999.jpg,237,384,0.621
Trilha-3000.jpg,235,384,0.619
Trilha-3001.jpg,234,384,0.618
Trilha-3002.jpg,236,385,0.621
Trilha-3003.jpg,238,383,0.621
Trilha-3004.jpg,236,384,0.62
Trilha-3005.jpg,235,384,0.619
Trilha-3006.jpg,236,384,0.62
Trilha-3007.jpg,236,386,0.622
Trilha-3008.jpg,235,385,0.62
Trilha-3009.jpg,238,384,0.622
Trilha-3010.jpg,235,384,0.619
Trilha-3011.jpg,235,384,0.619
Trilha-3012.jpg,233,383,0.616
Trilha-3013.jpg,222,373,0.595
Trilha-3014.jpg,214,368,0.582
Trilha-3015.jpg,212,361,0.573
Trilha-3017.jpg,205,350,0.555
Trilha-3023.jpg,227,385,0.612
Trilha-3024.jpg,244,402,0.646
Trilha-3028.jpg,228,382,0.61
Trilha-3029.jpg,222,375,0.597
Trilha-3038.jpg,258,406,0.664
Trilha-3040.jpg,260,411,0.671
Trilha-3041.jpg,264,413,0.677
Trilha-3042.jpg,263,410,0.673
Trilha-3043.jpg,264,413,0.677
Trilha-3044.jpg,263,413,0.676
Trilha-3045.jpg,263,411,0.674
Trilha-3046.jpg,263,412,0.675
Trilha-3047.jpg,263,410,0.673
Trilha-3048.jpg,264,412,0.676
Trilha-3049.jpg,263,413,0.676
Trilha-3050.jpg,261,410,0.671
Trilha-3051.jpg,261,410,0.671
Trilha-3052.jpg,262,410,0.672
Trilha-3053.jpg,260,408,0.668
Trilha-3056.jpg,285,427,0.712
Trilha-3058.jpg,267,413,0.68
Trilha-3059.jpg,254,401,0.655
Trilha-3060.jpg,245,392,0.637
Trilha-3061.jpg,233,382,0.615
Trilha-3063.jpg,222,370,0.592
Trilha-3064.jpg,219,360,0.579
Trilha-3066.jpg,207,355,0.562
Trilha-3103.jpg,229,403,0.632
Trilha-3105.jpg,210,387,0.597
Trilha-3113.jpg,220,365,0.585
Trilha-3114.jpg,237,384,0.621
Trilha-3115.jpg,249,397,0.646
Trilha-3116.jpg,249,400,0.649
Trilha-3117.jpg,248,413,0.661
Trilha-3118.jpg,166,420,0.586
Trilha-3119.jpg,197,387,0.584
Trilha-3120.jpg,228,381,0.609
Trilha-3124.jpg,194,389,0.583
Trilha-3125.jpg,161,406,0.567
Trilha-3126.jpg,123,390,0.513
Trilha-3127.jpg,200,435,0.635
Trilha-3128.jpg,160,432,0.592
Trilha-3130.jpg,234,387,0.621
Trilha-3142.jpg,367,403,0.77
Trilha-3143.jpg,357,400,0.757
Trilha-3144.jpg,369,406,0.775
Trilha-3145.jpg,358,401,0.759
Trilha-3146.jpg,358,397,0.755
Trilha-3147.jpg,357,395,0.752
Trilha-3148.jpg,358,396,0.754
Trilha-3149.jpg,353,387,0.74
Trilha-3150.jpg,354,403,0.757
Trilha-3151.jpg,369,406,0.775
Trilha-3152.jpg,367,403,0.77
Trilha-3153.jpg,357,400,0.757
Trilha-3154.jpg,369,406,0.775
Trilha-3155.jpg,367,403,0.77
Trilha-3156.jpg,357,400,0.757
Trilha-3157.jpg,369,406,0.775
Trilha-3158.jpg,358,401,0.759
Trilha-3159.jpg,358,397,0.755
Trilha-3160.jpg,357,395,0.752
Trilha-3161.jpg,358,396,0.754
Trilha-3162.jpg,353,387,0.74
Trilha-3163.jpg,354,403,0.757
Trilha-3164.jpg,369,406,0.775
Trilha-3165.jpg,367,403,0.77
Trilha-3166.jpg,357,400,0.757
Trilha-3167.jpg,369,406,0.775
Trilha-3168.jpg,367,403,0.77
Trilha-3169.jpg,357,400,0.757
Trilha-3170.jpg,369,406,0.775
Trilha-3171.jpg,358,401,0.759
Trilha-3172.jpg,358,397,0.755
Trilha-3173.jpg,357,395,0.752
Trilha-3174.jpg,358,396,0.754
Trilha-3175.jpg,353,387,0.74
Trilha-3176.jpg,354,403,0.757
Trilha-3177.jpg,369,406,0.775
Trilha-3178.jpg,367,403,0.77
Trilha-3179.jpg,357,400,0.757
Trilha-3180.jpg,369,406,0.775
Trilha-3181.jpg,354,403,0.757
Trilha-3182.jpg,369,406,0.775
Trilha-3183.jpg,367,403,0.77
Trilha-3184.jpg,357,400,0.757
Trilha-3185.jpg,369,406,0.775
Trilha-3186.jpg,357,400,0.757
Trilha-3187.jpg,369,406,0.775
Trilha-3194.jpg,208,351,0.559
Trilha-3197.jpg,251,395,0.646
Trilha-3198.jpg,261,404,0.665
Trilha-3199.jpg,266,412,0.678
Trilha-3202.jpg,274,418,0.692
Trilha-3203.jpg,276,421,0.697
Trilha-3204.jpg,286,430,0.716
Trilha-3218.jpg,195,344,0.539
Trilha-3220.jpg,190,338,0.528
Trilha-3222.jpg,188,336,0.524
Trilha-3223.jpg,194,340,0.534
Trilha-3225.jpg,204,345,0.549
Trilha-3226.jpg,216,362,0.578
Trilha-3228.jpg,234,375,0.609
Trilha-3230.jpg,245,389,0.634
Trilha-3231.jpg,253,395,0.648
Trilha-3232.jpg,257,402,0.659
Trilha-3233.jpg,261,406,0.667
Trilha-3235.jpg,262,413,0.675
Trilha-3236.jpg,262,407,0.669
Trilha-3241.jpg,278,426,0.704
Trilha-3242.jpg,279,426,0.705
Trilha-3244.jpg,276,416,0.692
Trilha-3247.jpg,262,408,0.67
Trilha-3248.jpg,263,406,0.669
Trilha-3249.jpg,257,401,0.658
Trilha-3250.jpg,256,402,0.658
Trilha-3251.jpg,254,391,0.645
Trilha-3252.jpg,246,386,0.632
Trilha-3253.jpg,237,378,0.615
Trilha-3256.jpg,219,361,0.58
Trilha-3258.jpg,209,351,0.56
Trilha-3259.jpg,206,347,0.553
Trilha-3262.jpg,220,353,0.573
Trilha-3266.jpg,237,373,0.61
Trilha-3267.jpg,242,381,0.623
Trilha-3268.jpg,243,381,0.624
Trilha-3269.jpg,249,392,0.641
Trilha-3271.jpg,249,392,0.641
Trilha-3272.jpg,249,392,0.641
Trilha-3273.jpg,249,392,0.641
Trilha-3274.jpg,248,392,0.64
Trilha-3275.jpg,250,392,0.642
Trilha-3276.jpg,249,392,0.641
Trilha-3277.jpg,249,392,0.641
Trilha-3278.jpg,249,392,0.641
Trilha-3279.jpg,249,392,0.641
Trilha-3280.jpg,249,391,0.64
Trilha-3281.jpg,249,392,0.641
Trilha-3283.jpg,248,392,0.64
Trilha-3284.jpg,249,392,0.641
Trilha-3285.jpg,248,391,0.639
Trilha-3286.jpg,248,391,0.639
Trilha-3287.jpg,249,392,0.641
Trilha-3288.jpg,248,392,0.64
Trilha-3289.jpg,248,392,0.64
Trilha-3290.jpg,249,392,0.641
Trilha-3293.jpg,240,383,0.623
Trilha-3294.jpg,241,383,0.624
Trilha-3295.jpg,242,383,0.625
Trilha-3298.jpg,241,383,0.624
Trilha-3299.jpg,240,382,0.622
Trilha-3300.jpg,237,379,0.616
Trilha-3303.jpg,257,402,0.659
Trilha-3304.jpg,264,409,0.673
Trilha-3308.jpg,284,425,0.709
Trilha-3309.jpg,282,423,0.705
Trilha-3310.jpg,274,421,0.695
Trilha-3311.jpg,263,412,0.675
Trilha-3312.jpg,255,403,0.658
Trilha-3313.jpg,243,387,0.63
Trilha-3314.jpg,234,381,0.615
Trilha-3318.jpg,209,349,0.558
Trilha-3319.jpg,201,343,0.544
Trilha-3320.jpg,198,340,0.538
Trilha-3334.jpg,247,386,0.633
Trilha-3338.jpg,266,401,0.667
Trilha-3343.jpg,261,398,0.659
Trilha-3344.jpg,260,400,0.66
Trilha-3348.jpg,251,390,0.641
Trilha-3351.jpg,243,386,0.629
Trilha-3352.jpg,236,379,0.615
Trilha-3362.jpg,260,404,0.664
Trilha-3363.jpg,260,404,0.664
Trilha-3364.jpg,259,404,0.663
Trilha-3365.jpg,258,405,0.663
Trilha-3366.jpg,260,405,0.665
Trilha-3367.jpg,259,406,0.665
Trilha-3368.jpg,260,405,0.665
Trilha-3369.jpg,260,406,0.666
Trilha-3370.jpg,258,403,0.661
Trilha-3371.jpg,258,406,0.664
Trilha-3377.jpg,258,404,0.662
Trilha-3380.jpg,242,390,0.632
Trilha-3382.jpg,236,381,0.617
Trilha-3384.jpg,223,370,0.593
Trilha-3388.jpg,221,363,0.584
Trilha-3399.jpg,279,425,0.704
Trilha-3400.jpg,279,426,0.705
Trilha-3401.jpg,279,426,0.705
Trilha-3402.jpg,278,426,0.704
Trilha-3403.jpg,279,427,0.706
Trilha-3404.jpg,278,427,0.705
Trilha-3405.jpg,278,427,0.705
Trilha-3406.jpg,278,425,0.703
Trilha-3407.jpg,279,426,0.705
Trilha-3408.jpg,278,427,0.705
Trilha-3409.jpg,282,427,0.709
Trilha-3419.jpg,284,425,0.709
Trilha-3420.jpg,276,418,0.694
Trilha-3421.jpg,272,414,0.686
Trilha-3422.jpg,269,411,0.68
Trilha-3424.jpg,264,408,0.672
Trilha-3425.jpg,262,403,0.665
Trilha-3427.jpg,254,399,0.653
Trilha-3465.jpg,207,225,0.432
Trilha-3466.jpg,207,225,0.432
Trilha-3467.jpg,208,225,0.433
Trilha-3468.jpg,205,225,0.43
Trilha-3469.jpg,203,225,0.428
Trilha-3470.jpg,206,225,0.431
Trilha-3471.jpg,203,225,0.428
Trilha-3472.jpg,206,225,0.431
Trilha-3473.jpg,207,225,0.432
Trilha-3474.jpg,207,225,0.432
Trilha-3475.jpg,208,225,0.433
Trilha-3476.jpg,205,225,0.43
Trilha-3477.jpg,203,225,0.428
Trilha-3478.jpg,206,225,0.431
Trilha-3479.jpg,203,225,0.428
Trilha-3480.jpg,206,225,0.431
Trilha-3481.jpg,208,225,0.433
Trilha-3482.jpg,205,225,0.43
Trilha-3483.jpg,203,225,0.428
Trilha-3484.jpg,206,225,0.431
Trilha-3485.jpg,203,225,0.428
Trilha-3486.jpg,206,225,0.431
Trilha-3487.jpg,304,454,0.758
Trilha-3488.jpg,259,410,0.669
Trilha-3490.jpg,250,404,0.654
Trilha-3492.jpg,272,428,0.7
Trilha-3493.jpg,293,445,0.738
Trilha-3496.jpg,230,380,0.61
Trilha-3514.jpg,250,406,0.656
Trilha-3533.jpg,175,200,0.375
Trilha-3534.jpg,178,200,0.378
Trilha-3535.jpg,179,200,0.379
Trilha-3536.jpg,175,200,0.375
Trilha-3537.jpg,178,200,0.378
Trilha-3538.jpg,173,200,0.373
Trilha-3539.jpg,173,200,0.373
Trilha-3540.jpg,173,200,0.373
Trilha-3541.jpg,176,200,0.376
Trilha-3542.jpg,173,200,0.373
Trilha-3543.jpg,173,200,0.373
Trilha-3544.jpg,173,200,0.373
Trilha-3545.jpg,175,200,0.375
Trilha-3546.jpg,178,200,0.378
Trilha-3547.jpg,179,200,0.379
Trilha-3548.jpg,175,200,0.375
Trilha-3549.jpg,178,200,0.378
Trilha-3550.jpg,173,200,0.373
Trilha-3551.jpg,173,200,0.373
Trilha-3552.jpg,173,200,0.373
Trilha-3553.jpg,176,200,0.376
Trilha-3554.jpg,173,200,0.373
Trilha-3555.jpg,173,200,0.373
Trilha-3556.jpg,173,200,0.373
Trilha-3557.jpg,175,200,0.375
Trilha-3558.jpg,178,200,0.378
Trilha-3559.jpg,179,200,0.379
Trilha-3560.jpg,175,200,0.375
Trilha-3561.jpg,178,200,0.378
Trilha-3562.jpg,173,200,0.373
Trilha-3563.jpg,173,200,0.373
Trilha-3564.jpg,173,200,0.373
Trilha-3565.jpg,176,200,0.376
Trilha-3566.jpg,173,200,0.373
